,User_Id,Place_Id,Place_Ratings,user,place
0,1,179,3,0,0
1,1,344,2,0,1
2,1,5,5,0,2
3,1,373,3,0,3
4,1,101,4,0,4
5,1,312,2,0,5
6,1,258,5,0,6
7,1,20,4,0,7
8,1,154,2,0,8
9,1,393,5,0,9
10,1,103,3,0,10
11,1,208,5,0,11
12,1,89,3,0,12
13,1,405,5,0,13
14,1,41,5,0,14
15,1,336,4,0,15
16,1,67,4,0,16
17,1,292,3,0,17
18,1,222,3,0,18
19,1,76,2,0,19
20,1,428,3,0,20
21,1,15,3,0,21
22,1,246,4,0,22
23,1,265,5,0,23
24,1,21,2,0,24
25,1,328,2,0,25
26,1,307,4,0,26
27,1,302,2,0,27
28,1,48,2,0,28
29,1,328,2,0,25
30,2,147,2,1,29
31,2,2,5,1,30
32,2,322,4,1,31
33,2,23,3,1,32
34,2,85,4,1,33
35,2,371,3,1,34
36,2,78,5,1,35
37,2,111,2,1,36
38,2,107,2,1,37
39,2,185,2,1,38
40,2,413,3,1,39
41,2,389,2,1,40
42,2,437,5,1,41
43,2,105,2,1,42
44,2,176,3,1,43
45,2,407,5,1,44
46,2,208,5,1,11
47,2,437,4,1,41
48,2,208,3,1,11
49,2,281,2,1,45
50,2,167,2,1,46
51,2,384,5,1,47
52,2,426,4,1,48
53,2,390,2,1,49
54,2,367,2,1,50
55,2,166,2,1,51
56,2,18,5,1,52
57,2,321,3,1,53
58,2,262,3,1,54
59,3,223,5,2,55
60,3,17,5,2,56
61,3,319,5,2,57
62,3,310,3,2,58
63,3,421,3,2,59
64,3,202,5,2,60
65,3,48,2,2,28
66,3,283,3,2,61
67,3,202,3,2,60
68,3,250,2,2,62
69,3,118,2,2,63
70,3,54,2,2,64
71,3,70,3,2,65
72,3,33,4,2,66
73,3,227,2,2,67
74,3,86,4,2,68
75,3,105,5,2,42
76,3,249,3,2,69
77,3,131,4,2,70
78,3,382,2,2,71
79,3,193,2,2,72
80,3,176,2,2,43
81,3,104,3,2,73
82,3,24,4,2,74
83,3,128,5,2,75
84,3,134,3,2,76
85,3,228,3,2,77
86,3,237,3,2,78
87,3,100,4,2,79
88,3,198,5,2,80
89,4,50,2,3,81
90,4,376,2,3,82
91,4,268,4,3,83
92,4,242,4,3,84
93,4,82,3,3,85
94,4,348,5,3,86
95,4,409,3,3,87
96,4,88,3,3,88
97,4,4,4,3,89
98,4,377,3,3,90
99,4,43,5,3,91
100,4,15,4,3,21
101,4,91,3,3,92
102,4,193,5,3,72
103,4,312,3,3,5
104,4,44,2,3,93
105,4,14,5,3,94
106,4,406,3,3,95
107,4,383,2,3,96
108,4,229,2,3,97
109,4,290,3,3,98
110,4,5,5,3,2
111,4,294,5,3,99
112,4,309,5,3,100
113,4,74,2,3,101
114,4,97,2,3,102
115,5,421,4,4,59
116,5,138,2,4,103
117,5,436,5,4,104
118,5,395,2,4,105
119,5,300,4,4,106
120,5,321,3,4,53
121,5,68,5,4,107
122,5,55,5,4,108
123,5,434,4,4,109
124,5,9,5,4,110
125,5,166,3,4,51
126,5,151,5,4,111
127,5,4,3,4,89
128,5,61,3,4,112
129,5,321,3,4,53
130,5,159,2,4,113
131,5,397,5,4,114
132,5,391,2,4,115
133,5,407,3,4,44
134,5,301,2,4,116
135,5,143,4,4,117
136,5,27,2,4,118
137,5,283,4,4,61
138,5,190,2,4,119
139,5,346,4,4,120
140,5,67,4,4,16
141,5,381,3,4,121
142,5,368,3,4,122
143,5,433,4,4,123
144,5,301,2,4,116
145,5,420,3,4,124
146,5,335,3,4,125
147,5,115,3,4,126
148,6,433,4,5,123
149,6,334,2,5,127
150,6,348,2,5,86
151,6,219,2,5,128
152,6,178,3,5,129
153,6,266,3,5,130
154,6,92,2,5,131
155,6,64,5,5,132
156,6,102,4,5,133
157,6,166,5,5,51
158,6,257,2,5,134
159,6,243,5,5,135
160,6,346,5,5,120
161,6,116,5,5,136
162,6,359,2,5,137
163,6,121,4,5,138
164,6,385,4,5,139
165,6,398,5,5,140
166,6,64,5,5,132
167,6,88,5,5,88
168,6,119,2,5,141
169,6,393,2,5,9
170,6,4,4,5,89
171,6,298,3,5,142
172,6,410,2,5,143
173,6,224,5,5,144
174,6,379,4,5,145
175,6,382,2,5,71
176,7,255,5,6,146
177,7,269,3,6,147
178,7,213,3,6,148
179,7,228,3,6,77
180,7,126,5,6,149
181,7,192,5,6,150
182,7,376,4,6,82
183,7,183,5,6,151
184,7,129,4,6,152
185,7,303,4,6,153
186,7,296,3,6,154
187,7,213,3,6,148
188,7,237,5,6,78
189,7,99,4,6,155
190,7,88,4,6,88
191,7,148,3,6,156
192,7,13,2,6,157
193,7,377,5,6,90
194,7,183,4,6,151
195,7,247,4,6,158
196,7,31,3,6,159
197,7,298,4,6,142
198,7,290,4,6,98
199,7,385,5,6,139
200,7,77,5,6,160
201,7,107,2,6,37
202,7,77,3,6,160
203,8,158,5,7,161
204,8,301,3,7,116
205,8,290,2,7,98
206,8,322,5,7,31
207,8,306,4,7,162
208,8,98,5,7,163
209,8,235,4,7,164
210,8,45,2,7,165
211,8,173,3,7,166
212,8,306,2,7,162
213,8,393,5,7,9
214,8,395,5,7,105
215,8,89,3,7,12
216,8,433,4,7,123
217,8,143,5,7,117
218,8,275,3,7,167
219,8,25,5,7,168
220,8,98,2,7,163
221,8,130,3,7,169
222,8,223,5,7,55
223,8,368,2,7,122
224,8,164,5,7,170
225,8,267,4,7,171
226,8,202,3,7,60
227,8,56,2,7,172
228,8,30,3,7,173
229,8,238,3,7,174
230,8,294,4,7,99
231,9,402,3,8,175
232,9,196,4,8,176
233,9,406,4,8,95
234,9,55,4,8,108
235,9,30,3,8,173
236,9,246,5,8,22
237,9,402,3,8,175
238,9,30,2,8,173
239,9,310,4,8,58
240,9,417,4,8,177
241,9,304,4,8,178
242,9,206,3,8,179
243,9,211,3,8,180
244,9,28,5,8,181
245,9,264,3,8,182
246,9,242,3,8,84
247,9,403,3,8,183
248,9,253,4,8,184
249,9,265,4,8,23
250,9,331,4,8,185
251,9,188,4,8,186
252,9,54,3,8,64
253,9,420,5,8,124
254,9,416,4,8,187
255,9,378,5,8,188
256,9,233,4,8,189
257,9,95,5,8,190
258,9,105,2,8,42
259,9,233,5,8,189
260,9,204,2,8,191
261,9,225,5,8,192
262,9,204,2,8,191
263,9,341,5,8,193
264,10,145,3,9,194
265,10,36,4,9,195
266,10,168,5,9,196
267,10,12,2,9,197
268,10,134,5,9,76
269,10,280,4,9,198
270,10,236,4,9,199
271,10,95,5,9,190
272,10,344,3,9,1
273,10,18,5,9,52
274,10,42,3,9,200
275,10,90,5,9,201
276,10,280,5,9,198
277,10,75,4,9,202
278,10,63,5,9,203
279,10,205,5,9,204
280,10,268,3,9,83
281,10,234,3,9,205
282,10,284,3,9,206
283,10,405,3,9,13
284,10,230,4,9,207
285,10,197,3,9,208
286,10,339,3,9,209
287,10,159,2,9,113
288,10,77,2,9,160
289,10,23,2,9,32
290,10,67,5,9,16
291,10,35,4,9,210
292,11,229,2,10,97
293,11,226,2,10,211
294,11,310,3,10,58
295,11,430,3,10,212
296,11,107,3,10,37
297,11,37,5,10,213
298,11,322,5,10,31
299,11,109,2,10,214
300,11,341,4,10,193
301,11,206,2,10,179
302,11,97,4,10,102
303,11,41,3,10,14
304,11,355,4,10,215
305,11,82,2,10,85
306,11,376,4,10,82
307,11,406,4,10,95
308,11,186,4,10,216
309,11,88,3,10,88
310,11,378,2,10,188
311,11,151,5,10,111
312,11,149,2,10,217
313,11,6,5,10,218
314,11,150,2,10,219
315,11,11,3,10,220
316,11,127,3,10,221
317,11,6,2,10,218
318,11,5,5,10,2
319,11,236,2,10,199
320,12,429,3,11,222
321,12,194,3,11,223
322,12,27,2,11,118
323,12,236,3,11,199
324,12,49,5,11,224
325,12,369,5,11,225
326,12,94,5,11,226
327,12,226,4,11,211
328,12,274,4,11,227
329,12,72,5,11,228
330,12,183,5,11,151
331,12,265,4,11,23
332,12,301,5,11,116
333,12,46,4,11,229
334,12,65,2,11,230
335,12,203,5,11,231
336,12,379,4,11,145
337,12,139,4,11,232
338,12,5,5,11,2
339,12,141,2,11,233
340,12,312,5,11,5
341,12,154,5,11,8
342,12,71,5,11,234
343,12,302,3,11,27
344,12,75,5,11,202
345,12,30,5,11,173
346,12,52,3,11,235
347,12,27,3,11,118
348,12,102,5,11,133
349,12,128,2,11,75
350,12,293,5,11,236
351,12,82,4,11,85
352,12,402,3,11,175
353,12,98,2,11,163
354,13,398,2,12,140
355,13,65,2,12,230
356,13,398,2,12,140
357,13,371,5,12,34
358,13,422,4,12,237
359,13,214,5,12,238
360,13,20,2,12,7
361,13,114,5,12,239
362,13,229,2,12,97
363,13,56,5,12,172
364,13,265,4,12,23
365,13,129,4,12,152
366,13,75,5,12,202
367,13,296,2,12,154
368,13,191,2,12,240
369,13,156,3,12,241
370,13,177,2,12,242
371,13,437,5,12,41
372,13,406,2,12,95
373,13,290,2,12,98
374,13,163,4,12,243
375,13,242,3,12,84
376,13,178,2,12,129
377,13,142,5,12,244
378,13,245,4,12,245
379,14,67,5,13,16
380,14,325,3,13,246
381,14,422,4,13,237
382,14,88,2,13,88
383,14,118,4,13,63
384,14,344,2,13,1
385,14,227,4,13,67
386,14,259,5,13,247
387,14,376,5,13,82
388,14,368,3,13,122
389,14,396,2,13,248
390,14,167,3,13,46
391,14,11,2,13,220
392,14,230,5,13,207
393,14,54,2,13,64
394,14,304,3,13,178
395,14,249,5,13,69
396,14,96,2,13,249
397,14,50,2,13,81
398,14,8,4,13,250
399,14,233,3,13,189
400,14,362,2,13,251
401,14,173,5,13,166
402,14,435,5,13,252
403,14,167,4,13,46
404,14,294,2,13,99
405,14,59,3,13,253
406,14,274,4,13,227
407,14,186,4,13,216
408,14,91,5,13,92
409,14,328,5,13,25
410,14,371,4,13,34
411,14,171,3,13,254
412,15,298,3,14,142
413,15,277,3,14,255
414,15,90,5,14,201
415,15,342,5,14,256
416,15,435,3,14,252
417,15,348,2,14,86
418,15,23,5,14,32
419,15,365,5,14,257
420,15,340,3,14,258
421,15,260,5,14,259
422,15,369,4,14,225
423,15,187,4,14,260
424,15,74,3,14,101
425,15,297,4,14,261
426,15,21,2,14,24
427,15,95,3,14,190
428,15,367,5,14,50
429,15,207,4,14,262
430,15,284,2,14,206
431,15,321,2,14,53
432,15,248,2,14,263
433,15,153,5,14,264
434,15,248,4,14,263
435,15,355,5,14,215
436,15,27,3,14,118
437,15,239,3,14,265
438,15,434,2,14,109
439,15,9,4,14,110
440,15,360,3,14,266
441,15,275,2,14,167
442,15,142,2,14,244
443,15,119,4,14,141
444,15,219,2,14,128
445,15,417,3,14,177
446,15,170,3,14,267
447,15,357,3,14,268
448,16,264,2,15,182
449,16,68,2,15,107
450,16,292,2,15,17
451,16,89,3,15,12
452,16,203,4,15,231
453,16,73,2,15,269
454,16,201,3,15,270
455,16,252,2,15,271
456,16,434,3,15,109
457,16,275,4,15,167
458,16,150,4,15,219
459,16,414,5,15,272
460,16,67,4,15,16
461,16,385,2,15,139
462,16,359,5,15,137
463,16,266,4,15,130
464,16,30,4,15,173
465,16,390,2,15,49
466,16,322,5,15,31
467,16,413,4,15,39
468,16,121,3,15,138
469,16,237,4,15,78
470,16,384,4,15,47
471,16,132,5,15,273
472,16,26,2,15,274
473,16,347,3,15,275
474,16,121,4,15,138
475,16,167,3,15,46
476,16,270,5,15,276
477,17,16,4,16,277
478,17,339,2,16,209
479,17,406,5,16,95
480,17,267,5,16,171
481,17,384,5,16,47
482,17,371,4,16,34
483,17,19,2,16,278
484,17,318,5,16,279
485,17,104,4,16,73
486,17,37,2,16,213
487,17,256,4,16,280
488,17,11,3,16,220
489,17,134,4,16,76
490,17,181,2,16,281
491,17,236,3,16,199
492,17,98,5,16,163
493,17,199,3,16,282
494,17,410,4,16,143
495,17,33,5,16,66
496,17,237,3,16,78
497,17,265,4,16,23
498,17,78,4,16,35
499,17,154,5,16,8
500,17,173,5,16,166
501,17,414,4,16,272
502,17,288,4,16,283
503,17,330,3,16,284
504,17,3,2,16,285
505,17,47,4,16,286
506,17,2,3,16,30
507,17,145,3,16,194
508,17,27,4,16,118
509,17,32,2,16,287
510,17,70,2,16,65
511,17,308,2,16,288
512,17,210,4,16,289
513,17,92,3,16,131
514,17,398,3,16,140
515,17,279,4,16,290
516,17,398,4,16,140
517,17,321,3,16,53
518,17,262,2,16,54
519,17,307,3,16,26
520,17,289,4,16,291
521,17,346,2,16,120
522,17,371,3,16,34
523,18,102,3,17,133
524,18,332,2,17,292
525,18,80,5,17,293
526,18,49,4,17,224
527,18,375,3,17,294
528,18,71,4,17,234
529,18,182,5,17,295
530,18,54,4,17,64
531,18,176,5,17,43
532,18,197,2,17,208
533,18,151,5,17,111
534,18,260,4,17,259
535,18,405,5,17,13
536,18,8,3,17,250
537,18,88,3,17,88
538,18,50,4,17,81
539,18,412,2,17,296
540,18,147,4,17,29
541,18,101,5,17,4
542,18,357,4,17,268
543,18,272,3,17,297
544,18,413,2,17,39
545,18,185,3,17,38
546,18,80,5,17,293
547,18,426,2,17,48
548,18,245,4,17,245
549,18,46,4,17,229
550,18,184,3,17,298
551,18,201,5,17,270
552,18,113,2,17,299
553,18,111,4,17,36
554,18,399,3,17,300
555,18,235,5,17,164
556,18,261,2,17,301
557,19,194,5,18,223
558,19,228,2,18,77
559,19,417,3,18,177
560,19,205,3,18,204
561,19,112,3,18,302
562,19,42,2,18,200
563,19,168,3,18,196
564,19,327,4,18,303
565,19,395,2,18,105
566,19,418,4,18,304
567,19,84,2,18,305
568,19,400,2,18,306
569,19,195,4,18,307
570,19,34,5,18,308
571,19,295,3,18,309
572,19,247,3,18,158
573,19,344,2,18,1
574,19,203,2,18,231
575,19,56,3,18,172
576,19,9,3,18,110
577,19,38,5,18,310
578,19,165,4,18,311
579,19,212,3,18,312
580,19,170,5,18,267
581,19,331,3,18,185
582,19,124,4,18,313
583,19,38,5,18,310
584,19,432,4,18,314
585,19,252,5,18,271
586,19,317,3,18,315
587,19,127,5,18,221
588,19,210,5,18,289
589,19,333,4,18,316
590,19,426,5,18,48
591,19,151,3,18,111
592,19,15,4,18,21
593,19,430,4,18,212
594,19,393,3,18,9
595,19,382,4,18,71
596,19,192,5,18,150
597,19,197,5,18,208
598,19,192,3,18,150
599,19,346,4,18,120
600,19,213,2,18,148
601,20,81,3,19,317
602,20,9,2,19,110
603,20,142,2,19,244
604,20,374,3,19,318
605,20,227,5,19,67
606,20,202,5,19,60
607,20,429,3,19,222
608,20,136,3,19,319
609,20,278,3,19,320
610,20,90,2,19,201
611,20,21,3,19,24
612,20,192,2,19,150
613,20,335,4,19,125
614,20,108,4,19,321
615,20,67,4,19,16
616,20,404,2,19,322
617,20,83,3,19,323
618,20,302,5,19,27
619,20,425,4,19,324
620,20,22,3,19,325
621,20,360,2,19,266
622,20,327,5,19,303
623,20,425,3,19,324
624,20,163,2,19,243
625,20,239,4,19,265
626,20,375,5,19,294
627,20,159,4,19,113
628,20,145,2,19,194
629,20,349,2,19,326
630,20,346,3,19,120
631,20,46,3,19,229
632,20,84,3,19,305
633,20,99,2,19,155
634,20,344,2,19,1
635,21,413,5,20,39
636,21,411,4,20,327
637,21,147,3,20,29
638,21,121,2,20,138
639,21,373,5,20,3
640,21,233,4,20,189
641,21,64,3,20,132
642,21,101,4,20,4
643,21,102,2,20,133
644,21,241,4,20,328
645,21,362,2,20,251
646,21,427,4,20,329
647,21,209,3,20,330
648,21,177,4,20,242
649,21,88,5,20,88
650,21,74,3,20,101
651,21,113,3,20,299
652,21,44,2,20,93
653,21,323,2,20,331
654,21,296,2,20,154
655,21,412,5,20,296
656,21,45,2,20,165
657,22,179,4,21,0
658,22,137,2,21,332
659,22,54,4,21,64
660,22,420,5,21,124
661,22,139,5,21,232
662,22,315,3,21,333
663,22,78,2,21,35
664,22,62,4,21,334
665,22,244,2,21,335
666,22,103,5,21,10
667,22,17,3,21,56
668,22,24,5,21,74
669,22,77,3,21,160
670,22,84,2,21,305
671,22,68,2,21,107
672,22,135,3,21,336
673,22,169,3,21,337
674,22,435,2,21,252
675,22,348,4,21,86
676,22,18,5,21,52
677,22,197,2,21,208
678,22,113,2,21,299
679,22,124,3,21,313
680,22,274,3,21,227
681,22,322,4,21,31
682,22,176,3,21,43
683,22,366,2,21,338
684,22,37,5,21,213
685,22,242,4,21,84
686,23,209,4,22,330
687,23,434,2,22,109
688,23,156,4,22,241
689,23,97,5,22,102
690,23,152,3,22,339
691,23,147,5,22,29
692,23,398,4,22,140
693,23,336,2,22,15
694,23,18,4,22,52
695,23,223,3,22,55
696,23,142,4,22,244
697,23,151,2,22,111
698,23,348,5,22,86
699,23,432,2,22,314
700,23,29,2,22,340
701,23,60,4,22,341
702,23,112,5,22,302
703,23,60,3,22,341
704,23,85,4,22,33
705,23,49,3,22,224
706,23,165,4,22,311
707,23,190,3,22,119
708,23,281,5,22,45
709,23,177,4,22,242
710,23,339,3,22,209
711,23,260,4,22,259
712,23,212,4,22,312
713,23,240,4,22,342
714,23,307,4,22,26
715,23,202,3,22,60
716,23,384,4,22,47
717,23,6,2,22,218
718,24,148,3,23,156
719,24,96,2,23,249
720,24,192,4,23,150
721,24,319,5,23,57
722,24,344,3,23,1
723,24,200,2,23,343
724,24,163,2,23,243
725,24,161,4,23,344
726,24,24,2,23,74
727,24,29,3,23,340
728,24,33,2,23,66
729,24,66,3,23,345
730,24,113,2,23,299
731,24,327,2,23,303
732,24,372,4,23,346
733,24,378,3,23,188
734,24,219,4,23,128
735,24,98,4,23,163
736,24,427,5,23,329
737,24,264,2,23,182
738,24,91,5,23,92
739,24,338,2,23,347
740,24,311,5,23,348
741,24,191,5,23,240
742,25,53,2,24,349
743,25,392,4,24,350
744,25,299,3,24,351
745,25,386,3,24,352
746,25,377,4,24,90
747,25,116,3,24,136
748,25,337,5,24,353
749,25,253,4,24,184
750,25,326,3,24,354
751,25,14,5,24,94
752,25,328,4,24,25
753,25,416,5,24,187
754,25,190,3,24,119
755,25,371,4,24,34
756,25,423,3,24,355
757,25,52,3,24,235
758,25,94,4,24,226
759,25,250,5,24,62
760,25,352,2,24,356
761,25,183,3,24,151
762,25,368,3,24,122
763,25,336,3,24,15
764,25,406,5,24,95
765,25,85,2,24,33
766,25,172,4,24,357
767,25,268,3,24,83
768,25,89,3,24,12
769,25,206,3,24,179
770,25,60,2,24,341
771,25,272,4,24,297
772,25,286,4,24,358
773,25,88,5,24,88
774,25,33,4,24,66
775,26,15,2,25,21
776,26,36,5,25,195
777,26,250,4,25,62
778,26,369,3,25,225
779,26,137,3,25,332
780,26,319,5,25,57
781,26,297,3,25,261
782,26,251,5,25,359
783,26,162,2,25,360
784,26,406,5,25,95
785,26,260,5,25,259
786,26,246,3,25,22
787,26,280,3,25,198
788,26,356,3,25,361
789,26,167,5,25,46
790,26,4,3,25,89
791,26,14,5,25,94
792,26,422,3,25,237
793,26,93,3,25,362
794,26,211,2,25,180
795,26,83,5,25,323
796,26,148,5,25,156
797,26,15,2,25,21
798,26,239,3,25,265
799,26,49,3,25,224
800,26,421,5,25,59
801,26,300,4,25,106
802,26,323,5,25,331
803,26,203,3,25,231
804,26,275,5,25,167
805,26,208,4,25,11
806,26,53,5,25,349
807,26,160,4,25,363
808,26,125,5,25,364
809,26,173,4,25,166
810,27,308,4,26,288
811,27,185,3,26,38
812,27,393,3,26,9
813,27,103,5,26,10
814,27,181,5,26,281
815,27,78,3,26,35
816,27,121,3,26,138
817,27,316,4,26,365
818,27,283,2,26,61
819,27,374,4,26,318
820,27,369,4,26,225
821,27,311,3,26,348
822,27,48,3,26,28
823,27,225,5,26,192
824,27,123,5,26,366
825,27,81,2,26,317
826,27,174,2,26,367
827,27,116,5,26,136
828,27,338,3,26,347
829,27,221,2,26,368
830,27,295,3,26,309
831,27,96,2,26,249
832,27,408,2,26,369
833,27,389,5,26,40
834,27,390,4,26,49
835,27,92,3,26,131
836,27,212,5,26,312
837,27,263,2,26,370
838,27,95,2,26,190
839,27,75,5,26,202
840,27,221,4,26,368
841,27,302,3,26,27
842,27,333,2,26,316
843,27,95,4,26,190
844,27,158,3,26,161
845,27,182,3,26,295
846,27,70,4,26,65
847,27,46,3,26,229
848,27,183,3,26,151
849,28,297,5,27,261
850,28,158,2,27,161
851,28,344,4,27,1
852,28,163,5,27,243
853,28,399,5,27,300
854,28,336,3,27,15
855,28,74,4,27,101
856,28,96,4,27,249
857,28,358,4,27,371
858,28,382,4,27,71
859,28,28,2,27,181
860,28,416,4,27,187
861,28,143,5,27,117
862,28,353,5,27,372
863,28,212,3,27,312
864,28,288,2,27,283
865,28,401,4,27,373
866,28,165,2,27,311
867,28,82,2,27,85
868,28,417,4,27,177
869,28,83,5,27,323
870,28,359,3,27,137
871,28,131,5,27,70
872,28,283,5,27,61
873,28,92,5,27,131
874,28,16,4,27,277
875,28,190,4,27,119
876,28,60,4,27,341
877,28,286,5,27,358
878,28,364,3,27,374
879,28,215,5,27,375
880,28,90,3,27,201
881,28,110,5,27,376
882,28,357,3,27,268
883,28,269,4,27,147
884,28,398,2,27,140
885,28,168,4,27,196
886,28,201,2,27,270
887,28,228,4,27,77
888,28,312,5,27,5
889,28,397,5,27,114
890,29,144,5,28,377
891,29,168,3,28,196
892,29,114,2,28,239
893,29,202,3,28,60
894,29,322,5,28,31
895,29,38,4,28,310
896,29,40,5,28,378
897,29,267,5,28,171
898,29,328,5,28,25
899,29,174,3,28,367
900,29,41,4,28,14
901,29,28,2,28,181
902,29,68,5,28,107
903,29,32,3,28,287
904,29,291,2,28,379
905,29,95,3,28,190
906,29,402,5,28,175
907,29,213,3,28,148
908,29,193,2,28,72
909,29,397,4,28,114
910,29,298,2,28,142
911,29,246,3,28,22
912,29,386,4,28,352
913,29,41,3,28,14
914,29,19,3,28,278
915,29,124,2,28,313
916,29,104,3,28,73
917,29,300,4,28,106
918,29,342,5,28,256
919,29,429,3,28,222
920,29,62,3,28,334
921,29,123,3,28,366
922,29,266,2,28,130
923,29,418,4,28,304
924,30,272,2,29,297
925,30,434,3,29,109
926,30,323,3,29,331
927,30,294,2,29,99
928,30,164,4,29,170
929,30,373,2,29,3
930,30,200,5,29,343
931,30,2,2,29,30
932,30,431,4,29,380
933,30,207,2,29,262
934,30,317,3,29,315
935,30,196,5,29,176
936,30,71,4,29,234
937,30,373,3,29,3
938,30,45,3,29,165
939,30,120,2,29,381
940,30,83,2,29,323
941,30,76,2,29,19
942,30,216,4,29,382
943,30,400,4,29,306
944,30,219,2,29,128
945,30,172,2,29,357
946,30,323,4,29,331
947,30,269,3,29,147
948,30,313,5,29,383
949,30,157,5,29,384
950,30,263,2,29,370
951,30,282,5,29,385
952,30,237,2,29,78
953,30,346,3,29,120
954,30,236,5,29,199
955,30,377,5,29,90
956,30,277,2,29,255
957,30,118,5,29,63
958,30,226,4,29,211
959,31,200,5,30,343
960,31,385,4,30,139
961,31,378,4,30,188
962,31,84,5,30,305
963,31,37,2,30,213
964,31,291,2,30,379
965,31,231,5,30,386
966,31,43,3,30,91
967,31,177,5,30,242
968,31,101,2,30,4
969,31,324,2,30,387
970,31,328,3,30,25
971,31,105,3,30,42
972,31,329,3,30,388
973,31,107,5,30,37
974,31,86,3,30,68
975,31,94,4,30,226
976,31,251,2,30,359
977,31,345,2,30,389
978,31,110,2,30,376
979,31,300,5,30,106
980,31,374,5,30,318
981,31,6,2,30,218
982,31,191,2,30,240
983,31,130,2,30,169
984,31,39,3,30,390
985,31,238,4,30,174
986,31,322,2,30,31
987,31,102,3,30,133
988,31,409,2,30,87
989,31,126,5,30,149
990,31,187,3,30,260
991,31,244,4,30,335
992,31,215,3,30,375
993,31,327,2,30,303
994,31,229,2,30,97
995,31,273,5,30,391
996,31,142,3,30,244
997,31,397,4,30,114
998,31,402,2,30,175
999,31,267,4,30,171
1000,32,246,4,31,22
1001,32,367,3,31,50
1002,32,407,3,31,44
1003,32,297,3,31,261
1004,32,418,2,31,304
1005,32,322,3,31,31
1006,32,298,5,31,142
1007,32,77,2,31,160
1008,32,433,3,31,123
1009,32,236,3,31,199
1010,32,362,5,31,251
1011,32,200,4,31,343
1012,32,62,3,31,334
1013,32,279,4,31,290
1014,32,54,2,31,64
1015,32,312,5,31,5
1016,32,359,3,31,137
1017,32,166,2,31,51
1018,32,282,5,31,385
1019,32,76,3,31,19
1020,32,374,4,31,318
1021,32,147,2,31,29
1022,32,402,5,31,175
1023,32,256,3,31,280
1024,32,62,3,31,334
1025,32,122,4,31,392
1026,32,323,4,31,331
1027,32,336,5,31,15
1028,32,328,3,31,25
1029,32,357,2,31,268
1030,32,79,3,31,393
1031,32,141,2,31,233
1032,32,344,3,31,1
1033,32,241,4,31,328
1034,33,129,2,32,152
1035,33,134,4,32,76
1036,33,150,5,32,219
1037,33,145,3,32,194
1038,33,388,2,32,394
1039,33,337,4,32,353
1040,33,78,4,32,35
1041,33,416,3,32,187
1042,33,39,5,32,390
1043,33,275,4,32,167
1044,33,38,2,32,310
1045,33,84,2,32,305
1046,33,303,3,32,153
1047,33,74,5,32,101
1048,33,268,3,32,83
1049,33,264,2,32,182
1050,33,369,3,32,225
1051,33,416,5,32,187
1052,33,122,2,32,392
1053,33,384,2,32,47
1054,33,113,3,32,299
1055,33,213,2,32,148
1056,33,265,4,32,23
1057,33,416,5,32,187
1058,33,429,2,32,222
1059,33,136,5,32,319
1060,33,8,4,32,250
1061,33,75,2,32,202
1062,33,324,3,32,387
1063,33,236,5,32,199
1064,33,34,3,32,308
1065,33,36,2,32,195
1066,33,435,4,32,252
1067,33,23,3,32,32
1068,33,296,2,32,154
1069,33,134,5,32,76
1070,33,61,4,32,112
1071,33,304,3,32,178
1072,33,224,2,32,144
1073,34,16,5,33,277
1074,34,341,3,33,193
1075,34,341,3,33,193
1076,34,247,4,33,158
1077,34,183,3,33,151
1078,34,230,4,33,207
1079,34,103,3,33,10
1080,34,174,2,33,367
1081,34,423,3,33,355
1082,34,266,3,33,130
1083,34,190,4,33,119
1084,34,342,4,33,256
1085,34,303,3,33,153
1086,34,204,4,33,191
1087,34,281,3,33,45
1088,34,230,4,33,207
1089,34,120,2,33,381
1090,34,261,3,33,301
1091,34,197,3,33,208
1092,34,190,3,33,119
1093,34,24,4,33,74
1094,34,46,5,33,229
1095,34,176,4,33,43
1096,34,433,4,33,123
1097,34,16,5,33,277
1098,35,380,5,34,395
1099,35,60,3,34,341
1100,35,301,4,34,116
1101,35,126,3,34,149
1102,35,316,2,34,365
1103,35,39,2,34,390
1104,35,426,2,34,48
1105,35,188,3,34,186
1106,35,330,3,34,284
1107,35,318,2,34,279
1108,35,158,2,34,161
1109,35,402,5,34,175
1110,35,328,4,34,25
1111,35,344,4,34,1
1112,35,279,5,34,290
1113,35,395,2,34,105
1114,35,304,2,34,178
1115,35,336,2,34,15
1116,35,5,4,34,2
1117,35,113,3,34,299
1118,35,241,2,34,328
1119,35,82,5,34,85
1120,35,308,4,34,288
1121,35,136,3,34,319
1122,35,330,4,34,284
1123,35,343,2,34,396
1124,35,319,4,34,57
1125,35,185,2,34,38
1126,35,188,2,34,186
1127,35,372,4,34,346
1128,35,254,5,34,397
1129,36,128,4,35,75
1130,36,379,4,35,145
1131,36,162,3,35,360
1132,36,43,4,35,91
1133,36,117,5,35,398
1134,36,315,3,35,333
1135,36,216,2,35,382
1136,36,32,5,35,287
1137,36,250,2,35,62
1138,36,95,2,35,190
1139,36,68,2,35,107
1140,36,4,2,35,89
1141,36,214,5,35,238
1142,36,385,2,35,139
1143,36,133,3,35,399
1144,36,23,5,35,32
1145,36,1,4,35,400
1146,36,181,3,35,281
1147,36,138,4,35,103
1148,36,136,3,35,319
1149,36,172,5,35,357
1150,36,414,4,35,272
1151,36,274,4,35,227
1152,36,278,3,35,320
1153,36,209,2,35,330
1154,36,139,4,35,232
1155,36,242,3,35,84
1156,36,216,3,35,382
1157,36,24,3,35,74
1158,36,354,3,35,401
1159,36,230,5,35,207
1160,36,318,3,35,279
1161,36,39,2,35,390
1162,37,316,2,36,365
1163,37,312,2,36,5
1164,37,371,2,36,34
1165,37,378,2,36,188
1166,37,43,5,36,91
1167,37,34,4,36,308
1168,37,433,4,36,123
1169,37,52,2,36,235
1170,37,93,5,36,362
1171,37,213,4,36,148
1172,37,366,2,36,338
1173,37,300,5,36,106
1174,37,311,2,36,348
1175,37,167,5,36,46
1176,37,260,3,36,259
1177,37,326,3,36,354
1178,37,396,3,36,248
1179,37,367,3,36,50
1180,37,267,4,36,171
1181,37,63,5,36,203
1182,37,103,3,36,10
1183,37,287,5,36,402
1184,37,132,3,36,273
1185,37,256,2,36,280
1186,37,413,3,36,39
1187,37,60,5,36,341
1188,37,385,4,36,139
1189,37,324,4,36,387
1190,37,344,5,36,1
1191,37,404,3,36,322
1192,37,330,3,36,284
1193,38,173,2,37,166
1194,38,385,2,37,139
1195,38,40,2,37,378
1196,38,274,2,37,227
1197,38,364,3,37,374
1198,38,17,3,37,56
1199,38,41,2,37,14
1200,38,4,4,37,89
1201,38,265,4,37,23
1202,38,155,3,37,403
1203,38,1,2,37,400
1204,38,132,5,37,273
1205,38,285,2,37,404
1206,38,208,5,37,11
1207,38,224,5,37,144
1208,38,290,2,37,98
1209,38,215,5,37,375
1210,38,312,4,37,5
1211,38,411,5,37,327
1212,38,236,2,37,199
1213,38,401,5,37,373
1214,38,40,5,37,378
1215,38,118,4,37,63
1216,38,86,4,37,68
1217,38,58,2,37,405
1218,38,202,3,37,60
1219,38,354,5,37,401
1220,38,237,4,37,78
1221,38,326,5,37,354
1222,38,53,5,37,349
1223,38,349,4,37,326
1224,38,117,5,37,398
1225,38,225,3,37,192
1226,38,298,3,37,142
1227,38,195,4,37,307
1228,38,269,3,37,147
1229,38,365,5,37,257
1230,38,227,3,37,67
1231,38,264,3,37,182
1232,38,69,5,37,406
1233,39,167,3,38,46
1234,39,366,4,38,338
1235,39,93,4,38,362
1236,39,241,4,38,328
1237,39,85,5,38,33
1238,39,98,4,38,163
1239,39,55,4,38,108
1240,39,260,3,38,259
1241,39,305,5,38,407
1242,39,254,4,38,397
1243,39,322,4,38,31
1244,39,362,3,38,251
1245,39,386,2,38,352
1246,39,218,5,38,408
1247,39,36,5,38,195
1248,39,269,3,38,147
1249,39,371,4,38,34
1250,39,208,3,38,11
1251,39,319,2,38,57
1252,39,360,4,38,266
1253,39,220,4,38,409
1254,39,360,3,38,266
1255,39,356,4,38,361
1256,39,110,4,38,376
1257,39,408,4,38,369
1258,39,340,3,38,258
1259,40,24,5,39,74
1260,40,214,3,39,238
1261,40,196,2,39,176
1262,40,62,5,39,334
1263,40,189,5,39,410
1264,40,59,5,39,253
1265,40,332,5,39,292
1266,40,284,3,39,206
1267,40,211,3,39,180
1268,40,103,3,39,10
1269,40,49,5,39,224
1270,40,211,2,39,180
1271,40,371,3,39,34
1272,40,159,4,39,113
1273,40,179,3,39,0
1274,40,215,5,39,375
1275,40,349,2,39,326
1276,40,402,4,39,175
1277,40,257,2,39,134
1278,40,91,3,39,92
1279,40,410,5,39,143
1280,40,86,2,39,68
1281,40,216,2,39,382
1282,40,106,4,39,411
1283,40,82,3,39,85
1284,40,87,2,39,412
1285,40,247,3,39,158
1286,40,178,2,39,129
1287,40,196,4,39,176
1288,40,185,4,39,38
1289,40,192,2,39,150
1290,40,358,2,39,371
1291,40,37,4,39,213
1292,40,298,5,39,142
1293,40,184,3,39,298
1294,40,99,3,39,155
1295,40,174,4,39,367
1296,40,203,4,39,231
1297,40,197,5,39,208
1298,40,37,4,39,213
1299,40,397,3,39,114
1300,40,255,2,39,146
1301,40,333,2,39,316
1302,40,63,4,39,203
1303,40,21,4,39,24
1304,40,252,3,39,271
1305,40,434,4,39,109
1306,41,432,5,40,314
1307,41,148,4,40,156
1308,41,374,4,40,318
1309,41,379,4,40,145
1310,41,193,3,40,72
1311,41,324,2,40,387
1312,41,308,4,40,288
1313,41,391,5,40,115
1314,41,336,2,40,15
1315,41,45,4,40,165
1316,41,427,4,40,329
1317,41,351,2,40,413
1318,41,187,2,40,260
1319,41,67,4,40,16
1320,41,363,2,40,414
1321,41,203,2,40,231
1322,41,162,4,40,360
1323,41,175,3,40,415
1324,41,384,2,40,47
1325,41,88,4,40,88
1326,41,63,2,40,203
1327,41,335,5,40,125
1328,41,396,3,40,248
1329,41,99,2,40,155
1330,42,202,3,41,60
1331,42,185,5,41,38
1332,42,312,5,41,5
1333,42,391,5,41,115
1334,42,267,3,41,171
1335,42,265,2,41,23
1336,42,300,2,41,106
1337,42,48,3,41,28
1338,42,310,2,41,58
1339,42,281,4,41,45
1340,42,180,5,41,416
1341,42,421,3,41,59
1342,42,373,3,41,3
1343,42,239,2,41,265
1344,42,27,3,41,118
1345,42,107,5,41,37
1346,42,84,2,41,305
1347,42,341,2,41,193
1348,42,102,5,41,133
1349,42,377,2,41,90
1350,42,103,4,41,10
1351,42,324,2,41,387
1352,42,306,5,41,162
1353,42,310,3,41,58
1354,42,44,4,41,93
1355,42,274,5,41,227
1356,42,343,4,41,396
1357,42,298,2,41,142
1358,42,386,2,41,352
1359,42,423,3,41,355
1360,43,53,5,42,349
1361,43,366,2,42,338
1362,43,58,5,42,405
1363,43,82,3,42,85
1364,43,91,5,42,92
1365,43,316,2,42,365
1366,43,85,4,42,33
1367,43,410,3,42,143
1368,43,204,2,42,191
1369,43,415,2,42,417
1370,43,89,5,42,12
1371,43,330,2,42,284
1372,43,205,3,42,204
1373,43,406,3,42,95
1374,43,322,2,42,31
1375,43,396,4,42,248
1376,43,279,5,42,290
1377,43,282,2,42,385
1378,43,167,4,42,46
1379,43,387,5,42,418
1380,43,2,3,42,30
1381,43,375,5,42,294
1382,43,6,3,42,218
1383,43,26,2,42,274
1384,43,234,4,42,205
1385,43,429,3,42,222
1386,43,86,5,42,68
1387,43,201,3,42,270
1388,43,52,5,42,235
1389,43,99,4,42,155
1390,43,394,2,42,419
1391,44,249,4,43,69
1392,44,251,3,43,359
1393,44,79,3,43,393
1394,44,309,3,43,100
1395,44,89,2,43,12
1396,44,401,2,43,373
1397,44,109,3,43,214
1398,44,331,3,43,185
1399,44,127,5,43,221
1400,44,322,2,43,31
1401,44,313,3,43,383
1402,44,424,5,43,420
1403,44,178,5,43,129
1404,44,284,3,43,206
1405,44,112,5,43,302
1406,44,210,3,43,289
1407,44,199,5,43,282
1408,44,345,2,43,389
1409,44,392,3,43,350
1410,44,355,3,43,215
1411,44,315,4,43,333
1412,44,319,2,43,57
1413,44,141,3,43,233
1414,44,14,4,43,94
1415,44,383,3,43,96
1416,44,202,5,43,60
1417,44,135,3,43,336
1418,44,22,4,43,325
1419,44,96,2,43,249
1420,44,382,4,43,71
1421,44,405,3,43,13
1422,44,88,4,43,88
1423,44,213,3,43,148
1424,44,308,5,43,288
1425,44,317,4,43,315
1426,44,241,4,43,328
1427,44,80,4,43,293
1428,44,21,4,43,24
1429,44,368,4,43,122
1430,45,269,2,44,147
1431,45,109,2,44,214
1432,45,146,4,44,421
1433,45,157,4,44,384
1434,45,337,5,44,353
1435,45,94,4,44,226
1436,45,84,3,44,305
1437,45,333,5,44,316
1438,45,123,4,44,366
1439,45,331,5,44,185
1440,45,281,4,44,45
1441,45,242,5,44,84
1442,45,294,5,44,99
1443,45,304,3,44,178
1444,45,416,4,44,187
1445,45,180,5,44,416
1446,45,80,3,44,293
1447,45,20,5,44,7
1448,45,365,2,44,257
1449,45,133,5,44,399
1450,45,77,2,44,160
1451,45,293,4,44,236
1452,45,359,2,44,137
1453,45,50,2,44,81
1454,45,289,3,44,291
1455,45,197,3,44,208
1456,45,147,5,44,29
1457,45,78,5,44,35
1458,45,227,5,44,67
1459,45,296,3,44,154
1460,45,199,3,44,282
1461,45,23,4,44,32
1462,45,293,5,44,236
1463,45,232,3,44,422
1464,45,148,3,44,156
1465,45,239,3,44,265
1466,45,75,3,44,202
1467,45,45,2,44,165
1468,45,38,3,44,310
1469,46,319,5,45,57
1470,46,43,3,45,91
1471,46,169,5,45,337
1472,46,56,4,45,172
1473,46,89,4,45,12
1474,46,102,2,45,133
1475,46,39,4,45,390
1476,46,107,4,45,37
1477,46,154,5,45,8
1478,46,321,5,45,53
1479,46,395,2,45,105
1480,46,34,5,45,308
1481,46,331,4,45,185
1482,46,174,5,45,367
1483,46,31,2,45,159
1484,46,114,4,45,239
1485,46,55,2,45,108
1486,46,272,5,45,297
1487,46,315,3,45,333
1488,46,145,2,45,194
1489,46,174,3,45,367
1490,46,414,5,45,272
1491,46,193,4,45,72
1492,46,103,2,45,10
1493,46,309,3,45,100
1494,46,360,4,45,266
1495,46,2,5,45,30
1496,46,238,5,45,174
1497,46,397,3,45,114
1498,46,156,3,45,241
1499,47,433,5,46,123
1500,47,197,1,46,208
1501,47,133,2,46,399
1502,47,377,1,46,90
1503,47,123,2,46,366
1504,47,118,2,46,63
1505,47,8,5,46,250
1506,47,200,5,46,343
1507,47,20,1,46,7
1508,47,183,4,46,151
1509,47,62,3,46,334
1510,47,163,2,46,243
1511,47,403,3,46,183
1512,47,345,3,46,389
1513,47,218,1,46,408
1514,47,117,1,46,398
1515,47,212,3,46,312
1516,47,15,2,46,21
1517,47,136,1,46,319
1518,47,314,3,46,423
1519,47,24,2,46,74
1520,47,220,2,46,409
1521,47,250,3,46,62
1522,47,391,5,46,115
1523,47,29,1,46,340
1524,47,228,2,46,77
1525,48,94,1,47,226
1526,48,264,4,47,182
1527,48,426,4,47,48
1528,48,82,2,47,85
1529,48,221,4,47,368
1530,48,73,1,47,269
1531,48,320,4,47,424
1532,48,69,1,47,406
1533,48,50,3,47,81
1534,48,406,3,47,95
1535,48,141,5,47,233
1536,48,314,5,47,423
1537,48,241,5,47,328
1538,48,380,5,47,395
1539,48,357,2,47,268
1540,48,418,2,47,304
1541,48,219,1,47,128
1542,48,196,5,47,176
1543,48,270,4,47,276
1544,48,38,1,47,310
1545,48,224,1,47,144
1546,48,325,1,47,246
1547,49,152,3,48,339
1548,49,338,3,48,347
1549,49,134,5,48,76
1550,49,420,2,48,124
1551,49,404,4,48,322
1552,49,345,1,48,389
1553,49,273,1,48,391
1554,49,274,1,48,227
1555,49,368,1,48,122
1556,49,248,4,48,263
1557,49,68,3,48,107
1558,49,32,4,48,287
1559,49,309,4,48,100
1560,49,401,1,48,373
1561,49,251,2,48,359
1562,49,179,5,48,0
1563,49,127,1,48,221
1564,49,318,1,48,279
1565,49,74,4,48,101
1566,49,349,5,48,326
1567,49,80,5,48,293
1568,49,236,5,48,199
1569,49,339,5,48,209
1570,49,291,4,48,379
1571,49,114,4,48,239
1572,49,307,1,48,26
1573,49,30,5,48,173
1574,49,227,3,48,67
1575,49,305,5,48,407
1576,49,90,1,48,201
1577,49,122,4,48,392
1578,49,53,1,48,349
1579,49,118,2,48,63
1580,49,178,5,48,129
1581,49,233,2,48,189
1582,49,31,2,48,159
1583,49,425,4,48,324
1584,49,283,1,48,61
1585,49,395,2,48,105
1586,49,158,3,48,161
1587,49,385,3,48,139
1588,49,24,3,48,74
1589,49,41,4,48,14
1590,49,424,4,48,420
1591,49,90,1,48,201
1592,50,8,3,49,250
1593,50,218,2,49,408
1594,50,180,5,49,416
1595,50,81,4,49,317
1596,50,191,1,49,240
1597,50,437,5,49,41
1598,50,27,3,49,118
1599,50,181,3,49,281
1600,50,109,5,49,214
1601,50,168,2,49,196
1602,50,34,4,49,308
1603,50,257,2,49,134
1604,50,358,4,49,371
1605,50,375,2,49,294
1606,50,46,2,49,229
1607,50,207,1,49,262
1608,50,151,2,49,111
1609,50,170,2,49,267
1610,50,89,5,49,12
1611,50,41,4,49,14
1612,50,401,5,49,373
1613,50,425,2,49,324
1614,50,28,3,49,181
1615,50,324,2,49,387
1616,50,315,2,49,333
1617,50,35,2,49,210
1618,50,110,1,49,376
1619,50,216,1,49,382
1620,50,289,3,49,291
1621,51,289,2,50,291
1622,51,45,2,50,165
1623,51,107,2,50,37
1624,51,388,2,50,394
1625,51,19,1,50,278
1626,51,357,5,50,268
1627,51,74,2,50,101
1628,51,315,3,50,333
1629,51,16,1,50,277
1630,51,268,5,50,83
1631,51,344,5,50,1
1632,51,46,2,50,229
1633,51,141,4,50,233
1634,51,433,5,50,123
1635,51,160,3,50,363
1636,51,421,5,50,59
1637,51,417,4,50,177
1638,51,313,2,50,383
1639,51,220,3,50,409
1640,51,342,5,50,256
1641,51,176,2,50,43
1642,51,323,2,50,331
1643,51,93,1,50,362
1644,51,149,4,50,217
1645,51,73,5,50,269
1646,51,33,3,50,66
1647,51,277,3,50,255
1648,51,330,1,50,284
1649,51,144,1,50,377
1650,51,276,4,50,425
1651,51,355,4,50,215
1652,51,388,3,50,394
1653,52,388,5,51,394
1654,52,436,2,51,104
1655,52,280,1,51,198
1656,52,329,2,51,388
1657,52,366,4,51,338
1658,52,277,4,51,255
1659,52,70,5,51,65
1660,52,344,2,51,1
1661,52,112,5,51,302
1662,52,47,5,51,286
1663,52,389,2,51,40
1664,52,275,2,51,167
1665,52,261,5,51,301
1666,52,352,1,51,356
1667,52,330,4,51,284
1668,52,321,4,51,53
1669,52,203,5,51,231
1670,52,52,2,51,235
1671,52,217,4,51,426
1672,52,85,1,51,33
1673,52,417,1,51,177
1674,52,35,5,51,210
1675,52,53,5,51,349
1676,52,13,1,51,157
1677,52,216,2,51,382
1678,52,202,4,51,60
1679,52,55,2,51,108
1680,52,331,4,51,185
1681,52,325,1,51,246
1682,53,216,3,52,382
1683,53,285,4,52,404
1684,53,48,4,52,28
1685,53,331,5,52,185
1686,53,348,2,52,86
1687,53,346,5,52,120
1688,53,286,2,52,358
1689,53,45,5,52,165
1690,53,240,2,52,342
1691,53,190,4,52,119
1692,53,219,5,52,128
1693,53,28,5,52,181
1694,53,295,2,52,309
1695,53,416,5,52,187
1696,53,177,5,52,242
1697,53,135,5,52,336
1698,53,242,5,52,84
1699,53,5,4,52,2
1700,53,163,1,52,243
1701,53,313,2,52,383
1702,53,376,1,52,82
1703,53,207,3,52,262
1704,53,123,2,52,366
1705,53,43,2,52,91
1706,53,57,1,52,427
1707,53,103,2,52,10
1708,53,65,4,52,230
1709,53,295,1,52,309
1710,53,48,5,52,28
1711,53,102,1,52,133
1712,53,174,2,52,367
1713,53,4,2,52,89
1714,53,109,2,52,214
1715,53,283,5,52,61
1716,53,398,3,52,140
1717,53,23,1,52,32
1718,53,173,2,52,166
1719,53,193,1,52,72
1720,53,288,2,52,283
1721,53,279,3,52,290
1722,53,207,1,52,262
1723,54,24,4,53,74
1724,54,228,2,53,77
1725,54,189,4,53,410
1726,54,377,4,53,90
1727,54,418,1,53,304
1728,54,51,3,53,428
1729,54,415,3,53,417
1730,54,114,2,53,239
1731,54,103,3,53,10
1732,54,302,1,53,27
1733,54,312,3,53,5
1734,54,16,3,53,277
1735,54,74,1,53,101
1736,54,263,5,53,370
1737,54,409,5,53,87
1738,54,220,3,53,409
1739,54,409,2,53,87
1740,54,190,5,53,119
1741,54,232,4,53,422
1742,54,16,1,53,277
1743,54,103,4,53,10
1744,54,300,4,53,106
1745,54,135,2,53,336
1746,54,302,2,53,27
1747,54,268,2,53,83
1748,54,278,3,53,320
1749,54,185,3,53,38
1750,54,369,2,53,225
1751,54,316,5,53,365
1752,54,150,1,53,219
1753,54,24,2,53,74
1754,54,148,4,53,156
1755,54,244,2,53,335
1756,54,291,4,53,379
1757,54,127,1,53,221
1758,54,378,5,53,188
1759,54,422,3,53,237
1760,54,361,1,53,429
1761,54,416,5,53,187
1762,54,244,4,53,335
1763,54,159,3,53,113
1764,54,121,1,53,138
1765,54,363,1,53,414
1766,54,138,5,53,103
1767,54,296,4,53,154
1768,55,295,4,54,309
1769,55,198,1,54,80
1770,55,422,5,54,237
1771,55,391,2,54,115
1772,55,90,5,54,201
1773,55,3,4,54,285
1774,55,95,3,54,190
1775,55,273,2,54,391
1776,55,382,3,54,71
1777,55,226,5,54,211
1778,55,113,3,54,299
1779,55,75,4,54,202
1780,55,97,3,54,102
1781,55,310,2,54,58
1782,55,434,2,54,109
1783,55,184,3,54,298
1784,55,221,2,54,368
1785,55,106,4,54,411
1786,55,67,3,54,16
1787,55,387,2,54,418
1788,55,244,1,54,335
1789,55,70,4,54,65
1790,55,419,2,54,430
1791,55,312,4,54,5
1792,55,222,1,54,18
1793,55,205,2,54,204
1794,55,241,3,54,328
1795,55,186,2,54,216
1796,55,406,3,54,95
1797,55,335,2,54,125
1798,55,89,4,54,12
1799,55,157,3,54,384
1800,55,145,5,54,194
1801,55,279,5,54,290
1802,55,43,3,54,91
1803,55,272,1,54,297
1804,56,264,2,55,182
1805,56,186,5,55,216
1806,56,291,4,55,379
1807,56,149,5,55,217
1808,56,267,4,55,171
1809,56,258,2,55,6
1810,56,221,4,55,368
1811,56,273,2,55,391
1812,56,112,1,55,302
1813,56,225,3,55,192
1814,56,170,5,55,267
1815,56,225,2,55,192
1816,56,67,2,55,16
1817,56,53,2,55,349
1818,56,136,4,55,319
1819,56,250,1,55,62
1820,56,217,3,55,426
1821,56,19,5,55,278
1822,56,99,1,55,155
1823,56,200,3,55,343
1824,56,369,2,55,225
1825,56,190,2,55,119
1826,56,410,2,55,143
1827,56,11,2,55,220
1828,56,153,1,55,264
1829,56,323,4,55,331
1830,56,249,5,55,69
1831,56,2,2,55,30
1832,56,134,1,55,76
1833,56,362,2,55,251
1834,56,103,4,55,10
1835,57,126,1,56,149
1836,57,50,2,56,81
1837,57,2,4,56,30
1838,57,339,1,56,209
1839,57,99,1,56,155
1840,57,162,2,56,360
1841,57,111,2,56,36
1842,57,373,1,56,3
1843,57,33,3,56,66
1844,57,129,4,56,152
1845,57,17,1,56,56
1846,57,180,2,56,416
1847,57,413,3,56,39
1848,57,314,1,56,423
1849,57,266,3,56,130
1850,57,56,3,56,172
1851,57,79,3,56,393
1852,57,254,3,56,397
1853,57,248,5,56,263
1854,57,225,3,56,192
1855,57,23,3,56,32
1856,57,114,1,56,239
1857,57,372,3,56,346
1858,57,157,2,56,384
1859,57,45,3,56,165
1860,57,40,4,56,378
1861,57,413,3,56,39
1862,57,180,1,56,416
1863,57,95,4,56,190
1864,57,41,4,56,14
1865,57,144,4,56,377
1866,57,278,5,56,320
1867,57,336,3,56,15
1868,57,135,4,56,336
1869,57,269,1,56,147
1870,57,389,1,56,40
1871,58,324,4,57,387
1872,58,42,2,57,200
1873,58,403,1,57,183
1874,58,252,2,57,271
1875,58,348,3,57,86
1876,58,188,2,57,186
1877,58,64,2,57,132
1878,58,300,4,57,106
1879,58,285,1,57,404
1880,58,231,4,57,386
1881,58,374,2,57,318
1882,58,288,3,57,283
1883,58,430,5,57,212
1884,58,47,2,57,286
1885,58,154,4,57,8
1886,58,275,1,57,167
1887,58,135,4,57,336
1888,58,89,2,57,12
1889,58,144,1,57,377
1890,58,13,1,57,157
1891,58,405,2,57,13
1892,58,327,3,57,303
1893,58,111,3,57,36
1894,58,388,2,57,394
1895,58,38,5,57,310
1896,58,18,1,57,52
1897,58,114,2,57,239
1898,58,398,3,57,140
1899,58,422,5,57,237
1900,58,373,2,57,3
1901,58,352,5,57,356
1902,58,64,1,57,132
1903,58,408,5,57,369
1904,58,52,5,57,235
1905,58,372,4,57,346
1906,58,16,4,57,277
1907,58,376,5,57,82
1908,58,50,2,57,81
1909,59,304,1,58,178
1910,59,312,5,58,5
1911,59,369,1,58,225
1912,59,236,2,58,199
1913,59,319,4,58,57
1914,59,324,1,58,387
1915,59,393,3,58,9
1916,59,81,5,58,317
1917,59,296,5,58,154
1918,59,353,4,58,372
1919,59,247,5,58,158
1920,59,298,5,58,142
1921,59,385,3,58,139
1922,59,255,4,58,146
1923,59,147,5,58,29
1924,59,171,1,58,254
1925,59,68,5,58,107
1926,59,247,1,58,158
1927,59,35,3,58,210
1928,59,307,2,58,26
1929,59,292,5,58,17
1930,59,303,2,58,153
1931,59,157,1,58,384
1932,59,338,5,58,347
1933,59,19,4,58,278
1934,59,243,3,58,135
1935,59,286,2,58,358
1936,59,143,1,58,117
1937,59,252,2,58,271
1938,59,79,5,58,393
1939,59,2,1,58,30
1940,59,95,1,58,190
1941,60,50,4,59,81
1942,60,337,1,59,353
1943,60,234,3,59,205
1944,60,131,4,59,70
1945,60,236,4,59,199
1946,60,129,2,59,152
1947,60,296,2,59,154
1948,60,271,4,59,431
1949,60,150,1,59,219
1950,60,181,3,59,281
1951,60,240,3,59,342
1952,60,23,1,59,32
1953,60,427,5,59,329
1954,60,92,4,59,131
1955,60,107,3,59,37
1956,60,119,4,59,141
1957,60,422,5,59,237
1958,60,423,2,59,355
1959,60,85,2,59,33
1960,60,188,3,59,186
1961,60,383,2,59,96
1962,61,255,5,60,146
1963,61,361,5,60,429
1964,61,410,3,60,143
1965,61,109,4,60,214
1966,61,146,3,60,421
1967,61,9,3,60,110
1968,61,243,4,60,135
1969,61,249,5,60,69
1970,61,119,2,60,141
1971,61,328,1,60,25
1972,61,154,5,60,8
1973,61,96,3,60,249
1974,61,26,2,60,274
1975,61,139,5,60,232
1976,61,79,2,60,393
1977,61,12,4,60,197
1978,61,385,4,60,139
1979,61,144,1,60,377
1980,61,20,4,60,7
1981,61,360,4,60,266
1982,61,399,5,60,300
1983,61,197,1,60,208
1984,61,25,2,60,168
1985,61,360,3,60,266
1986,61,437,5,60,41
1987,61,167,5,60,46
1988,61,329,1,60,388
1989,61,120,3,60,381
1990,61,142,5,60,244
1991,61,164,5,60,170
1992,61,100,4,60,79
1993,61,43,3,60,91
1994,61,132,2,60,273
1995,61,301,3,60,116
1996,61,366,5,60,338
1997,62,240,3,61,342
1998,62,212,1,61,312
1999,62,59,2,61,253
2000,62,120,5,61,381
2001,62,71,5,61,234
2002,62,387,3,61,418
2003,62,345,4,61,389
2004,62,191,5,61,240
2005,62,130,5,61,169
2006,62,43,2,61,91
2007,62,170,2,61,267
2008,62,370,1,61,432
2009,62,259,5,61,247
2010,62,218,4,61,408
2011,62,359,5,61,137
2012,62,131,4,61,70
2013,62,284,2,61,206
2014,62,26,5,61,274
2015,62,119,4,61,141
2016,62,47,5,61,286
2017,62,401,5,61,373
2018,62,249,2,61,69
2019,62,131,1,61,70
2020,62,224,3,61,144
2021,62,283,1,61,61
2022,62,263,2,61,370
2023,62,65,1,61,230
2024,62,374,2,61,318
2025,62,126,4,61,149
2026,63,61,3,62,112
2027,63,15,1,62,21
2028,63,250,1,62,62
2029,63,125,1,62,364
2030,63,278,3,62,320
2031,63,22,3,62,325
2032,63,206,5,62,179
2033,63,313,4,62,383
2034,63,63,4,62,203
2035,63,258,4,62,6
2036,63,225,1,62,192
2037,63,187,2,62,260
2038,63,159,3,62,113
2039,63,366,2,62,338
2040,63,429,1,62,222
2041,63,339,4,62,209
2042,63,280,1,62,198
2043,63,437,4,62,41
2044,63,27,3,62,118
2045,63,21,4,62,24
2046,63,163,1,62,243
2047,63,183,4,62,151
2048,63,359,1,62,137
2049,63,367,2,62,50
2050,63,402,4,62,175
2051,63,265,3,62,23
2052,63,428,5,62,20
2053,63,251,5,62,359
2054,63,336,5,62,15
2055,63,236,1,62,199
2056,63,71,2,62,234
2057,63,110,1,62,376
2058,63,269,3,62,147
2059,63,116,2,62,136
2060,64,50,5,63,81
2061,64,128,2,63,75
2062,64,53,3,63,349
2063,64,428,4,63,20
2064,64,367,2,63,50
2065,64,15,5,63,21
2066,64,91,3,63,92
2067,64,121,4,63,138
2068,64,359,4,63,137
2069,64,26,1,63,274
2070,64,88,3,63,88
2071,64,71,4,63,234
2072,64,112,4,63,302
2073,64,430,1,63,212
2074,64,257,4,63,134
2075,64,340,5,63,258
2076,64,316,4,63,365
2077,64,360,1,63,266
2078,64,363,3,63,414
2079,64,234,1,63,205
2080,64,354,5,63,401
2081,64,126,4,63,149
2082,64,243,3,63,135
2083,64,207,3,63,262
2084,64,9,1,63,110
2085,64,291,3,63,379
2086,64,142,5,63,244
2087,64,97,4,63,102
2088,64,305,2,63,407
2089,64,1,2,63,400
2090,64,181,1,63,281
2091,64,402,4,63,175
2092,64,353,1,63,372
2093,64,169,1,63,337
2094,64,135,3,63,336
2095,65,338,1,64,347
2096,65,74,4,64,101
2097,65,18,4,64,52
2098,65,6,5,64,218
2099,65,329,3,64,388
2100,65,44,5,64,93
2101,65,365,3,64,257
2102,65,417,2,64,177
2103,65,25,1,64,168
2104,65,246,3,64,22
2105,65,213,3,64,148
2106,65,423,2,64,355
2107,65,252,5,64,271
2108,65,229,2,64,97
2109,65,221,4,64,368
2110,65,368,4,64,122
2111,65,263,5,64,370
2112,65,312,4,64,5
2113,65,169,1,64,337
2114,65,370,1,64,432
2115,65,164,5,64,170
2116,65,394,4,64,419
2117,65,49,2,64,224
2118,65,25,5,64,168
2119,65,400,1,64,306
2120,65,246,4,64,22
2121,65,161,1,64,344
2122,65,243,1,64,135
2123,65,314,4,64,423
2124,65,59,2,64,253
2125,65,66,3,64,345
2126,65,84,2,64,305
2127,65,273,5,64,391
2128,65,8,1,64,250
2129,65,303,5,64,153
2130,65,117,4,64,398
2131,65,32,5,64,287
2132,65,75,1,64,202
2133,65,290,3,64,98
2134,65,159,1,64,113
2135,66,192,3,65,150
2136,66,208,3,65,11
2137,66,276,1,65,425
2138,66,244,3,65,335
2139,66,437,2,65,41
2140,66,407,5,65,44
2141,66,320,4,65,424
2142,66,194,3,65,223
2143,66,117,2,65,398
2144,66,213,3,65,148
2145,66,96,4,65,249
2146,66,280,1,65,198
2147,66,43,1,65,91
2148,66,198,1,65,80
2149,66,166,4,65,51
2150,66,33,4,65,66
2151,66,21,1,65,24
2152,66,215,2,65,375
2153,66,366,1,65,338
2154,66,364,5,65,374
2155,66,387,1,65,418
2156,66,308,5,65,288
2157,66,409,1,65,87
2158,66,95,1,65,190
2159,66,19,1,65,278
2160,66,272,4,65,297
2161,66,67,5,65,16
2162,66,296,1,65,154
2163,66,24,4,65,74
2164,66,329,1,65,388
2165,66,23,2,65,32
2166,67,96,3,66,249
2167,67,314,4,66,423
2168,67,430,3,66,212
2169,67,146,5,66,421
2170,67,144,3,66,377
2171,67,341,4,66,193
2172,67,116,3,66,136
2173,67,386,5,66,352
2174,67,331,3,66,185
2175,67,199,1,66,282
2176,67,408,1,66,369
2177,67,276,1,66,425
2178,67,56,3,66,172
2179,67,425,2,66,324
2180,67,236,5,66,199
2181,67,67,4,66,16
2182,67,33,2,66,66
2183,67,286,1,66,358
2184,67,95,2,66,190
2185,67,300,5,66,106
2186,67,207,3,66,262
2187,67,307,5,66,26
2188,67,227,1,66,67
2189,67,55,4,66,108
2190,67,160,5,66,363
2191,67,28,2,66,181
2192,67,23,2,66,32
2193,67,89,5,66,12
2194,67,195,1,66,307
2195,67,75,1,66,202
2196,67,227,4,66,67
2197,67,294,3,66,99
2198,67,111,1,66,36
2199,67,150,2,66,219
2200,67,204,2,66,191
2201,67,354,1,66,401
2202,67,330,2,66,284
2203,67,416,5,66,187
2204,68,256,3,67,280
2205,68,425,5,67,324
2206,68,310,2,67,58
2207,68,80,4,67,293
2208,68,217,3,67,426
2209,68,114,1,67,239
2210,68,420,4,67,124
2211,68,167,1,67,46
2212,68,319,2,67,57
2213,68,241,4,67,328
2214,68,375,3,67,294
2215,68,231,5,67,386
2216,68,30,4,67,173
2217,68,138,1,67,103
2218,68,36,4,67,195
2219,68,138,1,67,103
2220,68,208,2,67,11
2221,68,285,5,67,404
2222,68,214,2,67,238
2223,68,314,5,67,423
2224,68,276,4,67,425
2225,68,401,5,67,373
2226,68,6,1,67,218
2227,68,284,4,67,206
2228,68,186,2,67,216
2229,68,85,4,67,33
2230,68,123,1,67,366
2231,68,244,5,67,335
2232,68,396,5,67,248
2233,68,241,5,67,328
2234,68,157,4,67,384
2235,68,127,3,67,221
2236,68,357,2,67,268
2237,68,345,5,67,389
2238,68,427,3,67,329
2239,69,292,1,68,17
2240,69,127,3,68,221
2241,69,371,2,68,34
2242,69,267,2,68,171
2243,69,219,2,68,128
2244,69,113,1,68,299
2245,69,246,5,68,22
2246,69,44,2,68,93
2247,69,276,3,68,425
2248,69,352,3,68,356
2249,69,378,4,68,188
2250,69,352,1,68,356
2251,69,352,4,68,356
2252,69,53,5,68,349
2253,69,328,5,68,25
2254,69,393,1,68,9
2255,69,327,3,68,303
2256,69,258,2,68,6
2257,69,255,4,68,146
2258,69,18,1,68,52
2259,69,378,2,68,188
2260,69,120,1,68,381
2261,69,155,3,68,403
2262,69,262,1,68,54
2263,70,196,5,69,176
2264,70,161,5,69,344
2265,70,245,1,69,245
2266,70,227,5,69,67
2267,70,437,4,69,41
2268,70,55,2,69,108
2269,70,122,2,69,392
2270,70,89,1,69,12
2271,70,292,5,69,17
2272,70,172,4,69,357
2273,70,336,4,69,15
2274,70,433,1,69,123
2275,70,131,5,69,70
2276,70,87,5,69,412
2277,70,330,4,69,284
2278,70,167,2,69,46
2279,70,323,4,69,331
2280,70,319,3,69,57
2281,70,31,5,69,159
2282,70,335,3,69,125
2283,70,211,5,69,180
2284,70,287,3,69,402
2285,70,431,2,69,380
2286,70,80,3,69,293
2287,70,248,5,69,263
2288,70,428,1,69,20
2289,70,379,2,69,145
2290,70,285,3,69,404
2291,70,413,5,69,39
2292,70,231,1,69,386
2293,71,125,3,70,364
2294,71,276,3,70,425
2295,71,91,1,70,92
2296,71,320,1,70,424
2297,71,365,2,70,257
2298,71,227,1,70,67
2299,71,281,4,70,45
2300,71,245,1,70,245
2301,71,78,5,70,35
2302,71,198,5,70,80
2303,71,29,2,70,340
2304,71,162,4,70,360
2305,71,364,3,70,374
2306,71,136,5,70,319
2307,71,343,2,70,396
2308,71,402,4,70,175
2309,71,96,4,70,249
2310,71,197,5,70,208
2311,71,152,2,70,339
2312,71,15,2,70,21
2313,71,163,5,70,243
2314,71,319,2,70,57
2315,71,200,3,70,343
2316,71,83,5,70,323
2317,71,218,4,70,408
2318,71,134,2,70,76
2319,71,214,2,70,238
2320,71,365,4,70,257
2321,71,101,1,70,4
2322,71,404,2,70,322
2323,71,284,5,70,206
2324,71,168,1,70,196
2325,71,40,3,70,378
2326,71,363,4,70,414
2327,71,295,3,70,309
2328,71,284,3,70,206
2329,72,40,2,71,378
2330,72,370,1,71,432
2331,72,144,4,71,377
2332,72,404,4,71,322
2333,72,400,1,71,306
2334,72,401,2,71,373
2335,72,312,1,71,5
2336,72,34,2,71,308
2337,72,142,4,71,244
2338,72,85,4,71,33
2339,72,221,4,71,368
2340,72,340,5,71,258
2341,72,339,3,71,209
2342,72,323,4,71,331
2343,72,364,2,71,374
2344,72,173,4,71,166
2345,72,117,3,71,398
2346,72,22,3,71,325
2347,72,195,1,71,307
2348,72,109,3,71,214
2349,72,233,3,71,189
2350,72,406,1,71,95
2351,72,78,5,71,35
2352,72,257,2,71,134
2353,72,266,5,71,130
2354,72,272,4,71,297
2355,72,218,1,71,408
2356,72,39,2,71,390
2357,73,292,3,72,17
2358,73,353,2,72,372
2359,73,47,1,72,286
2360,73,341,3,72,193
2361,73,331,1,72,185
2362,73,329,5,72,388
2363,73,65,3,72,230
2364,73,393,4,72,9
2365,73,323,5,72,331
2366,73,384,4,72,47
2367,73,228,5,72,77
2368,73,298,1,72,142
2369,73,133,3,72,399
2370,73,22,2,72,325
2371,73,125,5,72,364
2372,73,20,2,72,7
2373,73,184,1,72,298
2374,73,63,1,72,203
2375,73,367,3,72,50
2376,73,359,2,72,137
2377,73,399,1,72,300
2378,73,359,2,72,137
2379,73,363,1,72,414
2380,74,230,1,73,207
2381,74,81,1,73,317
2382,74,1,2,73,400
2383,74,164,3,73,170
2384,74,313,1,73,383
2385,74,138,5,73,103
2386,74,85,2,73,33
2387,74,56,2,73,172
2388,74,219,3,73,128
2389,74,344,1,73,1
2390,74,325,3,73,246
2391,74,92,5,73,131
2392,74,115,5,73,126
2393,74,84,3,73,305
2394,74,20,1,73,7
2395,74,372,2,73,346
2396,74,193,3,73,72
2397,74,44,5,73,93
2398,74,397,2,73,114
2399,74,350,4,73,433
2400,74,419,3,73,430
2401,74,60,5,73,341
2402,74,294,4,73,99
2403,74,105,4,73,42
2404,74,54,2,73,64
2405,74,11,1,73,220
2406,74,17,1,73,56
2407,74,414,4,73,272
2408,74,331,4,73,185
2409,74,434,4,73,109
2410,74,144,3,73,377
2411,74,422,1,73,237
2412,74,389,2,73,40
2413,74,188,2,73,186
2414,74,260,4,73,259
2415,74,377,1,73,90
2416,74,292,4,73,17
2417,74,98,5,73,163
2418,74,3,3,73,285
2419,74,408,2,73,369
2420,74,398,3,73,140
2421,74,179,3,73,0
2422,75,13,5,74,157
2423,75,180,4,74,416
2424,75,190,2,74,119
2425,75,76,2,74,19
2426,75,64,2,74,132
2427,75,344,3,74,1
2428,75,173,4,74,166
2429,75,135,5,74,336
2430,75,149,5,74,217
2431,75,373,3,74,3
2432,75,359,4,74,137
2433,75,134,3,74,76
2434,75,54,3,74,64
2435,75,2,5,74,30
2436,75,423,1,74,355
2437,75,127,3,74,221
2438,75,242,5,74,84
2439,75,251,4,74,359
2440,75,187,1,74,260
2441,75,355,3,74,215
2442,75,309,5,74,100
2443,75,327,4,74,303
2444,75,279,1,74,290
2445,75,164,4,74,170
2446,75,425,5,74,324
2447,75,293,2,74,236
2448,75,10,2,74,434
2449,75,80,3,74,293
2450,76,366,2,75,338
2451,76,402,4,75,175
2452,76,50,3,75,81
2453,76,118,4,75,63
2454,76,70,1,75,65
2455,76,175,5,75,415
2456,76,352,4,75,356
2457,76,276,1,75,425
2458,76,170,4,75,267
2459,76,42,1,75,200
2460,76,169,3,75,337
2461,76,176,5,75,43
2462,76,422,3,75,237
2463,76,356,3,75,361
2464,76,47,2,75,286
2465,76,195,5,75,307
2466,76,363,3,75,414
2467,76,105,2,75,42
2468,76,344,1,75,1
2469,76,411,2,75,327
2470,76,38,3,75,310
2471,76,52,2,75,235
2472,76,192,3,75,150
2473,76,291,4,75,379
2474,76,385,4,75,139
2475,76,179,1,75,0
2476,76,436,2,75,104
2477,76,338,1,75,347
2478,76,410,4,75,143
2479,76,244,3,75,335
2480,76,390,4,75,49
2481,76,299,1,75,351
2482,76,266,1,75,130
2483,76,367,1,75,50
2484,76,316,2,75,365
2485,77,306,5,76,162
2486,77,382,5,76,71
2487,77,390,3,76,49
2488,77,127,2,76,221
2489,77,272,3,76,297
2490,77,253,1,76,184
2491,77,55,5,76,108
2492,77,411,3,76,327
2493,77,126,3,76,149
2494,77,433,2,76,123
2495,77,324,3,76,387
2496,77,272,5,76,297
2497,77,276,3,76,425
2498,77,419,3,76,430
2499,77,167,5,76,46
2500,77,430,1,76,212
2501,77,78,3,76,35
2502,77,32,4,76,287
2503,77,163,1,76,243
2504,77,274,2,76,227
2505,77,191,5,76,240
2506,77,318,4,76,279
2507,77,259,1,76,247
2508,77,390,1,76,49
2509,77,346,2,76,120
2510,77,181,3,76,281
2511,77,314,4,76,423
2512,77,257,3,76,134
2513,77,340,3,76,258
2514,77,167,5,76,46
2515,78,245,4,77,245
2516,78,321,4,77,53
2517,78,307,5,77,26
2518,78,248,4,77,263
2519,78,291,5,77,379
2520,78,293,5,77,236
2521,78,248,3,77,263
2522,78,341,1,77,193
2523,78,59,1,77,253
2524,78,381,3,77,121
2525,78,62,5,77,334
2526,78,113,4,77,299
2527,78,416,3,77,187
2528,78,181,1,77,281
2529,78,407,5,77,44
2530,78,11,2,77,220
2531,78,276,2,77,425
2532,78,155,5,77,403
2533,78,169,4,77,337
2534,78,7,4,77,435
2535,78,76,4,77,19
2536,78,68,1,77,107
2537,78,199,5,77,282
2538,78,226,4,77,211
2539,78,285,2,77,404
2540,78,407,4,77,44
2541,78,7,2,77,435
2542,78,117,5,77,398
2543,78,326,4,77,354
2544,78,232,3,77,422
2545,78,108,3,77,321
2546,78,260,5,77,259
2547,78,300,4,77,106
2548,78,151,3,77,111
2549,78,120,3,77,381
2550,78,401,3,77,373
2551,78,368,4,77,122
2552,79,144,1,78,377
2553,79,319,3,78,57
2554,79,167,5,78,46
2555,79,94,3,78,226
2556,79,395,3,78,105
2557,79,14,3,78,94
2558,79,300,4,78,106
2559,79,272,3,78,297
2560,79,139,5,78,232
2561,79,88,4,78,88
2562,79,333,2,78,316
2563,79,92,2,78,131
2564,79,228,5,78,77
2565,79,33,2,78,66
2566,79,329,4,78,388
2567,79,132,2,78,273
2568,79,377,1,78,90
2569,79,262,1,78,54
2570,79,254,5,78,397
2571,79,93,1,78,362
2572,79,297,5,78,261
2573,79,314,3,78,423
2574,79,177,2,78,242
2575,79,373,4,78,3
2576,79,182,1,78,295
2577,79,13,5,78,157
2578,79,241,2,78,328
2579,79,184,2,78,298
2580,79,12,2,78,197
2581,79,430,3,78,212
2582,79,346,3,78,120
2583,79,177,3,78,242
2584,79,92,3,78,131
2585,79,416,1,78,187
2586,80,173,4,79,166
2587,80,210,5,79,289
2588,80,246,3,79,22
2589,80,355,3,79,215
2590,80,436,2,79,104
2591,80,272,2,79,297
2592,80,323,2,79,331
2593,80,53,2,79,349
2594,80,100,1,79,79
2595,80,372,2,79,346
2596,80,275,2,79,167
2597,80,34,3,79,308
2598,80,424,1,79,420
2599,80,282,2,79,385
2600,80,378,2,79,188
2601,80,291,1,79,379
2602,80,108,2,79,321
2603,80,431,5,79,380
2604,80,66,4,79,345
2605,80,164,5,79,170
2606,80,42,4,79,200
2607,80,150,3,79,219
2608,80,272,1,79,297
2609,80,382,5,79,71
2610,80,70,3,79,65
2611,80,312,1,79,5
2612,80,364,2,79,374
2613,80,349,1,79,326
2614,80,173,1,79,166
2615,80,432,3,79,314
2616,80,26,1,79,274
2617,80,274,2,79,227
2618,80,437,3,79,41
2619,81,219,2,80,128
2620,81,127,4,80,221
2621,81,115,3,80,126
2622,81,286,3,80,358
2623,81,266,1,80,130
2624,81,302,4,80,27
2625,81,217,1,80,426
2626,81,79,3,80,393
2627,81,238,2,80,174
2628,81,125,1,80,364
2629,81,6,2,80,218
2630,81,427,4,80,329
2631,81,257,3,80,134
2632,81,173,2,80,166
2633,81,419,1,80,430
2634,81,437,3,80,41
2635,81,360,5,80,266
2636,81,248,2,80,263
2637,81,181,1,80,281
2638,81,243,2,80,135
2639,81,135,3,80,336
2640,81,378,5,80,188
2641,81,120,1,80,381
2642,82,405,2,81,13
2643,82,263,3,81,370
2644,82,428,1,81,20
2645,82,70,5,81,65
2646,82,286,2,81,358
2647,82,393,5,81,9
2648,82,387,5,81,418
2649,82,412,1,81,296
2650,82,154,2,81,8
2651,82,433,4,81,123
2652,82,368,4,81,122
2653,82,206,2,81,179
2654,82,39,4,81,390
2655,82,159,1,81,113
2656,82,33,4,81,66
2657,82,348,5,81,86
2658,82,298,1,81,142
2659,82,236,4,81,199
2660,82,333,2,81,316
2661,82,425,5,81,324
2662,82,321,5,81,53
2663,82,297,1,81,261
2664,82,402,5,81,175
2665,82,70,2,81,65
2666,83,406,1,82,95
2667,83,13,2,82,157
2668,83,159,2,82,113
2669,83,106,4,82,411
2670,83,345,4,82,389
2671,83,271,4,82,431
2672,83,54,5,82,64
2673,83,274,1,82,227
2674,83,82,3,82,85
2675,83,374,2,82,318
2676,83,283,5,82,61
2677,83,130,3,82,169
2678,83,379,2,82,145
2679,83,173,4,82,166
2680,83,299,3,82,351
2681,83,152,1,82,339
2682,83,277,5,82,255
2683,83,320,4,82,424
2684,83,394,1,82,419
2685,83,209,1,82,330
2686,83,64,2,82,132
2687,83,169,3,82,337
2688,83,101,3,82,4
2689,83,415,1,82,417
2690,83,421,4,82,59
2691,83,260,1,82,259
2692,83,184,1,82,298
2693,83,208,4,82,11
2694,83,48,5,82,28
2695,83,228,4,82,77
2696,83,204,4,82,191
2697,83,189,5,82,410
2698,84,169,1,83,337
2699,84,402,1,83,175
2700,84,196,5,83,176
2701,84,220,3,83,409
2702,84,290,1,83,98
2703,84,52,5,83,235
2704,84,342,3,83,256
2705,84,286,4,83,358
2706,84,262,5,83,54
2707,84,368,2,83,122
2708,84,26,3,83,274
2709,84,360,4,83,266
2710,84,266,1,83,130
2711,84,97,4,83,102
2712,84,184,2,83,298
2713,84,131,2,83,70
2714,84,156,2,83,241
2715,84,338,5,83,347
2716,84,423,4,83,355
2717,84,69,4,83,406
2718,84,347,5,83,275
2719,84,323,4,83,331
2720,84,309,5,83,100
2721,84,171,4,83,254
2722,84,239,5,83,265
2723,84,202,4,83,60
2724,84,186,3,83,216
2725,84,296,1,83,154
2726,84,179,4,83,0
2727,84,410,1,83,143
2728,84,104,1,83,73
2729,84,334,4,83,127
2730,84,405,4,83,13
2731,84,276,4,83,425
2732,84,304,3,83,178
2733,84,257,3,83,134
2734,85,104,3,84,73
2735,85,45,5,84,165
2736,85,28,1,84,181
2737,85,33,4,84,66
2738,85,388,3,84,394
2739,85,280,1,84,198
2740,85,348,1,84,86
2741,85,236,1,84,199
2742,85,377,1,84,90
2743,85,164,3,84,170
2744,85,108,3,84,321
2745,85,103,4,84,10
2746,85,398,4,84,140
2747,85,374,1,84,318
2748,85,211,5,84,180
2749,85,156,4,84,241
2750,85,40,1,84,378
2751,85,54,2,84,64
2752,85,132,3,84,273
2753,85,155,4,84,403
2754,85,264,2,84,182
2755,85,284,5,84,206
2756,85,291,2,84,379
2757,85,351,1,84,413
2758,85,65,1,84,230
2759,85,159,2,84,113
2760,85,197,5,84,208
2761,85,261,1,84,301
2762,85,210,5,84,289
2763,86,79,5,85,393
2764,86,310,1,85,58
2765,86,174,4,85,367
2766,86,160,1,85,363
2767,86,11,5,85,220
2768,86,295,3,85,309
2769,86,229,4,85,97
2770,86,361,5,85,429
2771,86,187,3,85,260
2772,86,158,3,85,161
2773,86,231,3,85,386
2774,86,184,4,85,298
2775,86,62,2,85,334
2776,86,425,3,85,324
2777,86,351,2,85,413
2778,86,160,5,85,363
2779,86,44,5,85,93
2780,86,95,4,85,190
2781,86,127,1,85,221
2782,86,166,1,85,51
2783,86,106,5,85,411
2784,86,155,1,85,403
2785,86,180,3,85,416
2786,86,250,4,85,62
2787,86,176,3,85,43
2788,86,420,3,85,124
2789,86,376,1,85,82
2790,86,27,5,85,118
2791,86,221,2,85,368
2792,86,193,1,85,72
2793,86,290,3,85,98
2794,86,337,5,85,353
2795,86,338,1,85,347
2796,86,362,2,85,251
2797,86,160,4,85,363
2798,86,220,2,85,409
2799,86,207,4,85,262
2800,86,312,1,85,5
2801,86,310,5,85,58
2802,86,208,3,85,11
2803,86,39,1,85,390
2804,86,1,4,85,400
2805,87,203,3,86,231
2806,87,235,1,86,164
2807,87,165,5,86,311
2808,87,347,4,86,275
2809,87,153,4,86,264
2810,87,232,4,86,422
2811,87,411,5,86,327
2812,87,389,2,86,40
2813,87,72,2,86,228
2814,87,332,4,86,292
2815,87,163,4,86,243
2816,87,122,4,86,392
2817,87,119,1,86,141
2818,87,5,4,86,2
2819,87,421,2,86,59
2820,87,220,3,86,409
2821,87,258,1,86,6
2822,87,169,1,86,337
2823,87,108,2,86,321
2824,87,5,3,86,2
2825,87,45,3,86,165
2826,87,5,5,86,2
2827,87,161,4,86,344
2828,87,166,4,86,51
2829,87,307,2,86,26
2830,87,354,3,86,401
2831,87,167,4,86,46
2832,87,373,3,86,3
2833,87,373,3,86,3
2834,87,300,5,86,106
2835,87,43,1,86,91
2836,87,338,1,86,347
2837,88,85,1,87,33
2838,88,355,3,87,215
2839,88,13,1,87,157
2840,88,118,2,87,63
2841,88,283,2,87,61
2842,88,107,1,87,37
2843,88,135,4,87,336
2844,88,25,2,87,168
2845,88,34,3,87,308
2846,88,341,2,87,193
2847,88,94,3,87,226
2848,88,150,5,87,219
2849,88,361,3,87,429
2850,88,322,2,87,31
2851,88,30,1,87,173
2852,88,236,1,87,199
2853,88,287,1,87,402
2854,88,165,1,87,311
2855,88,348,3,87,86
2856,88,12,4,87,197
2857,88,357,2,87,268
2858,88,353,1,87,372
2859,88,210,3,87,289
2860,88,78,2,87,35
2861,88,403,1,87,183
2862,88,206,1,87,179
2863,88,214,3,87,238
2864,89,317,4,88,315
2865,89,149,4,88,217
2866,89,357,2,88,268
2867,89,277,4,88,255
2868,89,375,3,88,294
2869,89,249,5,88,69
2870,89,149,3,88,217
2871,89,402,4,88,175
2872,89,233,3,88,189
2873,89,383,1,88,96
2874,89,408,1,88,369
2875,89,30,1,88,173
2876,89,104,4,88,73
2877,89,68,3,88,107
2878,89,180,2,88,416
2879,89,430,3,88,212
2880,89,313,2,88,383
2881,89,192,2,88,150
2882,89,70,5,88,65
2883,89,299,1,88,351
2884,89,144,2,88,377
2885,89,48,1,88,28
2886,89,32,3,88,287
2887,89,41,4,88,14
2888,89,116,5,88,136
2889,89,31,3,88,159
2890,89,156,5,88,241
2891,90,108,2,89,321
2892,90,126,1,89,149
2893,90,263,2,89,370
2894,90,127,3,89,221
2895,90,29,4,89,340
2896,90,263,5,89,370
2897,90,283,3,89,61
2898,90,323,5,89,331
2899,90,417,2,89,177
2900,90,56,4,89,172
2901,90,221,4,89,368
2902,90,49,2,89,224
2903,90,336,4,89,15
2904,90,342,3,89,256
2905,90,375,1,89,294
2906,90,181,1,89,281
2907,90,308,3,89,288
2908,90,128,4,89,75
2909,90,406,1,89,95
2910,90,108,2,89,321
2911,90,326,2,89,354
2912,90,328,3,89,25
2913,90,215,2,89,375
2914,90,401,3,89,373
2915,90,6,1,89,218
2916,90,139,3,89,232
2917,90,32,2,89,287
2918,90,140,1,89,436
2919,90,201,3,89,270
2920,90,225,3,89,192
2921,90,158,2,89,161
2922,91,376,4,90,82
2923,91,318,2,90,279
2924,91,13,5,90,157
2925,91,174,5,90,367
2926,91,226,3,90,211
2927,91,383,5,90,96
2928,91,130,1,90,169
2929,91,221,4,90,368
2930,91,33,4,90,66
2931,91,8,5,90,250
2932,91,425,1,90,324
2933,91,143,3,90,117
2934,91,286,3,90,358
2935,91,208,5,90,11
2936,91,430,2,90,212
2937,91,232,1,90,422
2938,91,412,4,90,296
2939,91,110,3,90,376
2940,91,25,1,90,168
2941,91,430,3,90,212
2942,91,419,2,90,430
2943,91,4,1,90,89
2944,91,223,4,90,55
2945,91,76,5,90,19
2946,91,322,4,90,31
2947,91,323,2,90,331
2948,91,262,1,90,54
2949,91,307,1,90,26
2950,91,23,1,90,32
2951,91,222,5,90,18
2952,91,405,2,90,13
2953,91,222,4,90,18
2954,91,88,2,90,88
2955,91,208,4,90,11
2956,91,98,2,90,163
2957,91,130,2,90,169
2958,91,405,1,90,13
2959,91,169,2,90,337
2960,91,143,5,90,117
2961,91,146,5,90,421
2962,91,298,5,90,142
2963,91,156,2,90,241
2964,92,156,5,91,241
2965,92,142,4,91,244
2966,92,405,5,91,13
2967,92,285,4,91,404
2968,92,380,3,91,395
2969,92,301,1,91,116
2970,92,226,3,91,211
2971,92,209,4,91,330
2972,92,97,5,91,102
2973,92,370,2,91,432
2974,92,5,3,91,2
2975,92,250,4,91,62
2976,92,248,4,91,263
2977,92,235,3,91,164
2978,92,237,5,91,78
2979,92,228,4,91,77
2980,92,258,3,91,6
2981,92,169,5,91,337
2982,92,346,3,91,120
2983,92,126,3,91,149
2984,92,266,1,91,130
2985,92,8,5,91,250
2986,92,385,1,91,139
2987,92,150,4,91,219
2988,92,309,5,91,100
2989,92,61,5,91,112
2990,92,69,4,91,406
2991,92,105,5,91,42
2992,92,142,3,91,244
2993,92,386,4,91,352
2994,92,171,5,91,254
2995,92,87,1,91,412
2996,92,62,1,91,334
2997,92,259,3,91,247
2998,92,205,2,91,204
2999,92,171,1,91,254
3000,92,60,3,91,341
3001,92,420,5,91,124
3002,93,187,3,92,260
3003,93,143,3,92,117
3004,93,200,2,92,343
3005,93,49,4,92,224
3006,93,269,2,92,147
3007,93,264,2,92,182
3008,93,15,2,92,21
3009,93,341,5,92,193
3010,93,358,4,92,371
3011,93,329,4,92,388
3012,93,431,5,92,380
3013,93,85,5,92,33
3014,93,192,5,92,150
3015,93,304,2,92,178
3016,93,207,1,92,262
3017,93,306,4,92,162
3018,93,81,1,92,317
3019,93,232,4,92,422
3020,93,37,5,92,213
3021,93,167,3,92,46
3022,93,129,4,92,152
3023,93,426,5,92,48
3024,93,309,2,92,100
3025,93,80,5,92,293
3026,93,437,5,92,41
3027,93,367,1,92,50
3028,93,284,2,92,206
3029,93,43,1,92,91
3030,93,345,5,92,389
3031,93,131,3,92,70
3032,93,411,1,92,327
3033,93,17,3,92,56
3034,93,29,2,92,340
3035,93,260,3,92,259
3036,93,349,5,92,326
3037,93,370,2,92,432
3038,93,411,1,92,327
3039,93,434,4,92,109
3040,94,373,3,93,3
3041,94,345,1,93,389
3042,94,104,2,93,73
3043,94,234,1,93,205
3044,94,413,2,93,39
3045,94,249,3,93,69
3046,94,123,2,93,366
3047,94,53,3,93,349
3048,94,151,2,93,111
3049,94,220,2,93,409
3050,94,268,3,93,83
3051,94,400,5,93,306
3052,94,318,1,93,279
3053,94,45,5,93,165
3054,94,307,4,93,26
3055,94,427,4,93,329
3056,94,250,3,93,62
3057,94,300,3,93,106
3058,94,225,3,93,192
3059,94,115,5,93,126
3060,94,214,2,93,238
3061,94,2,5,93,30
3062,94,10,4,93,434
3063,94,342,3,93,256
3064,94,265,1,93,23
3065,94,70,5,93,65
3066,94,421,2,93,59
3067,94,381,2,93,121
3068,94,120,4,93,381
3069,94,92,2,93,131
3070,94,246,2,93,22
3071,94,409,3,93,87
3072,94,140,5,93,436
3073,94,415,1,93,417
3074,94,223,4,93,55
3075,94,416,5,93,187
3076,94,235,4,93,164
3077,95,128,3,94,75
3078,95,116,4,94,136
3079,95,157,5,94,384
3080,95,130,2,94,169
3081,95,278,3,94,320
3082,95,246,4,94,22
3083,95,260,4,94,259
3084,95,17,3,94,56
3085,95,119,2,94,141
3086,95,46,5,94,229
3087,95,311,5,94,348
3088,95,378,3,94,188
3089,95,310,3,94,58
3090,95,275,4,94,167
3091,95,6,2,94,218
3092,95,268,1,94,83
3093,95,112,5,94,302
3094,95,355,4,94,215
3095,95,244,1,94,335
3096,95,266,4,94,130
3097,95,369,2,94,225
3098,95,47,3,94,286
3099,95,315,4,94,333
3100,95,343,4,94,396
3101,95,157,3,94,384
3102,95,81,4,94,317
3103,95,339,3,94,209
3104,95,389,3,94,40
3105,96,74,4,95,101
3106,96,219,3,95,128
3107,96,238,2,95,174
3108,96,188,5,95,186
3109,96,295,3,95,309
3110,96,229,1,95,97
3111,96,330,1,95,284
3112,96,113,3,95,299
3113,96,402,2,95,175
3114,96,106,1,95,411
3115,96,307,1,95,26
3116,96,416,5,95,187
3117,96,114,1,95,239
3118,96,403,1,95,183
3119,96,76,2,95,19
3120,96,350,2,95,433
3121,96,36,3,95,195
3122,96,208,3,95,11
3123,96,142,5,95,244
3124,96,279,3,95,290
3125,96,172,2,95,357
3126,96,203,2,95,231
3127,96,196,3,95,176
3128,96,347,4,95,275
3129,96,379,4,95,145
3130,96,210,1,95,289
3131,96,49,5,95,224
3132,96,101,2,95,4
3133,96,249,3,95,69
3134,96,258,5,95,6
3135,96,42,4,95,200
3136,96,86,2,95,68
3137,96,80,3,95,293
3138,96,264,4,95,182
3139,97,31,3,96,159
3140,97,366,5,96,338
3141,97,3,1,96,285
3142,97,61,1,96,112
3143,97,266,1,96,130
3144,97,376,4,96,82
3145,97,174,4,96,367
3146,97,378,4,96,188
3147,97,206,1,96,179
3148,97,298,3,96,142
3149,97,263,5,96,370
3150,97,371,3,96,34
3151,97,270,4,96,276
3152,97,223,2,96,55
3153,97,34,3,96,308
3154,97,266,4,96,130
3155,97,208,2,96,11
3156,97,183,3,96,151
3157,97,276,1,96,425
3158,97,151,3,96,111
3159,97,177,5,96,242
3160,97,372,5,96,346
3161,97,218,4,96,408
3162,97,381,4,96,121
3163,97,49,5,96,224
3164,97,394,4,96,419
3165,97,278,2,96,320
3166,97,371,4,96,34
3167,97,26,3,96,274
3168,97,151,2,96,111
3169,97,42,2,96,200
3170,97,150,2,96,219
3171,97,218,2,96,408
3172,97,306,4,96,162
3173,97,113,5,96,299
3174,97,71,2,96,234
3175,97,367,4,96,50
3176,97,232,4,96,422
3177,97,81,2,96,317
3178,97,25,2,96,168
3179,97,234,2,96,205
3180,98,325,2,97,246
3181,98,2,3,97,30
3182,98,303,2,97,153
3183,98,225,3,97,192
3184,98,419,5,97,430
3185,98,255,1,97,146
3186,98,105,5,97,42
3187,98,190,2,97,119
3188,98,374,4,97,318
3189,98,81,3,97,317
3190,98,226,2,97,211
3191,98,341,2,97,193
3192,98,18,1,97,52
3193,98,428,4,97,20
3194,98,404,2,97,322
3195,98,356,2,97,361
3196,98,42,3,97,200
3197,98,219,2,97,128
3198,98,338,3,97,347
3199,98,437,2,97,41
3200,98,196,5,97,176
3201,98,77,3,97,160
3202,98,107,1,97,37
3203,98,112,2,97,302
3204,98,65,4,97,230
3205,98,15,4,97,21
3206,98,391,5,97,115
3207,98,381,2,97,121
3208,98,373,5,97,3
3209,98,254,3,97,397
3210,98,241,5,97,328
3211,98,217,4,97,426
3212,99,84,4,98,305
3213,99,272,4,98,297
3214,99,199,5,98,282
3215,99,337,1,98,353
3216,99,45,3,98,165
3217,99,224,3,98,144
3218,99,323,4,98,331
3219,99,311,1,98,348
3220,99,424,1,98,420
3221,99,371,2,98,34
3222,99,280,1,98,198
3223,99,377,5,98,90
3224,99,70,3,98,65
3225,99,111,5,98,36
3226,99,190,5,98,119
3227,99,232,4,98,422
3228,99,437,4,98,41
3229,99,66,4,98,345
3230,99,277,5,98,255
3231,99,115,4,98,126
3232,99,182,5,98,295
3233,99,394,3,98,419
3234,99,415,4,98,417
3235,99,314,4,98,423
3236,99,76,4,98,19
3237,99,338,2,98,347
3238,99,173,2,98,166
3239,99,350,4,98,433
3240,99,68,5,98,107
3241,99,183,1,98,151
3242,99,44,3,98,93
3243,99,317,1,98,315
3244,99,59,4,98,253
3245,99,244,2,98,335
3246,99,288,4,98,283
3247,99,84,1,98,305
3248,99,134,3,98,76
3249,99,206,5,98,179
3250,99,156,4,98,241
3251,99,215,5,98,375
3252,99,94,3,98,226
3253,99,356,2,98,361
3254,99,53,5,98,349
3255,100,285,2,99,404
3256,100,340,3,99,258
3257,100,415,1,99,417
3258,100,399,3,99,300
3259,100,93,3,99,362
3260,100,364,3,99,374
3261,100,326,1,99,354
3262,100,48,5,99,28
3263,100,128,5,99,75
3264,100,429,2,99,222
3265,100,108,3,99,321
3266,100,252,1,99,271
3267,100,425,5,99,324
3268,100,255,5,99,146
3269,100,83,2,99,323
3270,100,114,2,99,239
3271,100,346,3,99,120
3272,100,157,5,99,384
3273,100,298,2,99,142
3274,100,289,1,99,291
3275,100,189,1,99,410
3276,100,211,1,99,180
3277,100,274,4,99,227
3278,100,413,2,99,39
3279,100,88,3,99,88
3280,100,437,2,99,41
3281,100,303,2,99,153
3282,100,102,5,99,133
3283,100,1,1,99,400
3284,101,21,2,100,24
3285,101,327,3,100,303
3286,101,218,3,100,408
3287,101,391,3,100,115
3288,101,306,2,100,162
3289,101,271,3,100,431
3290,101,161,1,100,344
3291,101,65,3,100,230
3292,101,89,1,100,12
3293,101,7,3,100,435
3294,101,220,3,100,409
3295,101,430,1,100,212
3296,101,436,5,100,104
3297,101,102,1,100,133
3298,101,147,4,100,29
3299,101,347,5,100,275
3300,101,83,5,100,323
3301,101,430,3,100,212
3302,101,279,4,100,290
3303,101,320,3,100,424
3304,101,36,5,100,195
3305,101,156,3,100,241
3306,101,361,1,100,429
3307,101,423,3,100,355
3308,101,420,3,100,124
3309,101,164,4,100,170
3310,101,387,3,100,418
3311,102,352,2,101,356
3312,102,259,2,101,247
3313,102,83,3,101,323
3314,102,272,5,101,297
3315,102,60,5,101,341
3316,102,327,2,101,303
3317,102,53,3,101,349
3318,102,42,2,101,200
3319,102,153,3,101,264
3320,102,303,1,101,153
3321,102,90,5,101,201
3322,102,168,2,101,196
3323,102,390,2,101,49
3324,102,333,5,101,316
3325,102,387,2,101,418
3326,102,82,5,101,85
3327,102,113,1,101,299
3328,102,423,1,101,355
3329,102,315,5,101,333
3330,102,175,2,101,415
3331,102,398,3,101,140
3332,102,111,3,101,36
3333,102,346,5,101,120
3334,102,220,4,101,409
3335,102,61,1,101,112
3336,102,432,3,101,314
3337,102,231,3,101,386
3338,102,211,3,101,180
3339,102,168,1,101,196
3340,102,158,1,101,161
3341,102,149,1,101,217
3342,102,40,2,101,378
3343,102,353,3,101,372
3344,102,275,3,101,167
3345,102,78,2,101,35
3346,103,169,5,102,337
3347,103,145,3,102,194
3348,103,209,1,102,330
3349,103,341,5,102,193
3350,103,403,1,102,183
3351,103,142,2,102,244
3352,103,204,5,102,191
3353,103,342,5,102,256
3354,103,175,3,102,415
3355,103,198,1,102,80
3356,103,29,1,102,340
3357,103,166,4,102,51
3358,103,144,3,102,377
3359,103,400,4,102,306
3360,103,365,5,102,257
3361,103,198,1,102,80
3362,103,5,2,102,2
3363,103,216,1,102,382
3364,103,75,3,102,202
3365,103,163,1,102,243
3366,103,77,2,102,160
3367,103,135,2,102,336
3368,103,168,5,102,196
3369,103,331,1,102,185
3370,103,333,4,102,316
3371,103,110,2,102,376
3372,103,19,5,102,278
3373,103,244,2,102,335
3374,103,227,1,102,67
3375,103,121,4,102,138
3376,103,90,4,102,201
3377,103,329,3,102,388
3378,103,321,3,102,53
3379,104,294,2,103,99
3380,104,265,2,103,23
3381,104,336,3,103,15
3382,104,351,4,103,413
3383,104,199,4,103,282
3384,104,386,2,103,352
3385,104,235,4,103,164
3386,104,119,1,103,141
3387,104,313,4,103,383
3388,104,313,2,103,383
3389,104,324,3,103,387
3390,104,366,3,103,338
3391,104,316,1,103,365
3392,104,6,5,103,218
3393,104,155,4,103,403
3394,104,367,2,103,50
3395,104,393,2,103,9
3396,104,185,2,103,38
3397,104,35,1,103,210
3398,104,41,4,103,14
3399,104,315,2,103,333
3400,104,27,3,103,118
3401,104,291,5,103,379
3402,104,85,1,103,33
3403,104,308,5,103,288
3404,104,302,1,103,27
3405,104,146,3,103,421
3406,104,33,3,103,66
3407,104,114,3,103,239
3408,104,275,3,103,167
3409,104,349,3,103,326
3410,104,94,5,103,226
3411,104,127,4,103,221
3412,105,120,1,104,381
3413,105,181,1,104,281
3414,105,343,2,104,396
3415,105,318,5,104,279
3416,105,194,3,104,223
3417,105,1,5,104,400
3418,105,31,1,104,159
3419,105,66,2,104,345
3420,105,321,4,104,53
3421,105,366,4,104,338
3422,105,247,5,104,158
3423,105,329,2,104,388
3424,105,296,4,104,154
3425,105,26,4,104,274
3426,105,270,1,104,276
3427,105,294,5,104,99
3428,105,335,4,104,125
3429,105,236,1,104,199
3430,105,362,3,104,251
3431,105,302,3,104,27
3432,105,178,4,104,129
3433,105,353,3,104,372
3434,105,69,5,104,406
3435,105,334,4,104,127
3436,105,140,2,104,436
3437,105,109,1,104,214
3438,105,192,5,104,150
3439,105,328,5,104,25
3440,105,143,3,104,117
3441,105,69,2,104,406
3442,105,414,3,104,272
3443,105,419,5,104,430
3444,105,93,5,104,362
3445,105,279,5,104,290
3446,105,344,2,104,1
3447,105,335,5,104,125
3448,105,3,5,104,285
3449,105,230,5,104,207
3450,105,60,5,104,341
3451,105,314,1,104,423
3452,105,86,4,104,68
3453,105,342,4,104,256
3454,105,343,3,104,396
3455,106,424,2,105,420
3456,106,131,5,105,70
3457,106,319,1,105,57
3458,106,430,5,105,212
3459,106,348,2,105,86
3460,106,295,5,105,309
3461,106,271,3,105,431
3462,106,156,3,105,241
3463,106,122,5,105,392
3464,106,325,2,105,246
3465,106,337,4,105,353
3466,106,233,2,105,189
3467,106,389,1,105,40
3468,106,234,2,105,205
3469,106,186,1,105,216
3470,106,63,2,105,203
3471,106,395,4,105,105
3472,106,5,2,105,2
3473,106,27,1,105,118
3474,106,54,5,105,64
3475,106,432,4,105,314
3476,106,354,1,105,401
3477,106,238,2,105,174
3478,106,210,3,105,289
3479,106,153,5,105,264
3480,106,331,2,105,185
3481,106,9,1,105,110
3482,106,167,3,105,46
3483,106,35,4,105,210
3484,106,46,5,105,229
3485,106,365,2,105,257
3486,106,386,3,105,352
3487,106,37,5,105,213
3488,106,189,4,105,410
3489,107,35,3,106,210
3490,107,265,5,106,23
3491,107,79,3,106,393
3492,107,11,2,106,220
3493,107,268,4,106,83
3494,107,258,3,106,6
3495,107,188,4,106,186
3496,107,407,2,106,44
3497,107,231,2,106,386
3498,107,282,4,106,385
3499,107,348,2,106,86
3500,107,10,2,106,434
3501,107,20,4,106,7
3502,107,401,3,106,373
3503,107,219,2,106,128
3504,107,39,1,106,390
3505,107,343,5,106,396
3506,107,319,2,106,57
3507,107,143,5,106,117
3508,107,185,3,106,38
3509,107,104,3,106,73
3510,107,197,4,106,208
3511,107,88,1,106,88
3512,107,192,2,106,150
3513,107,407,4,106,44
3514,107,368,2,106,122
3515,107,7,2,106,435
3516,107,230,3,106,207
3517,107,233,5,106,189
3518,107,140,2,106,436
3519,107,277,1,106,255
3520,107,329,2,106,388
3521,107,294,4,106,99
3522,107,240,5,106,342
3523,107,180,5,106,416
3524,107,23,4,106,32
3525,107,308,4,106,288
3526,107,57,1,106,427
3527,107,174,1,106,367
3528,107,93,3,106,362
3529,108,26,4,107,274
3530,108,192,2,107,150
3531,108,220,4,107,409
3532,108,141,5,107,233
3533,108,43,1,107,91
3534,108,114,5,107,239
3535,108,291,3,107,379
3536,108,139,5,107,232
3537,108,250,4,107,62
3538,108,244,1,107,335
3539,108,416,5,107,187
3540,108,418,1,107,304
3541,108,395,5,107,105
3542,108,252,3,107,271
3543,108,4,1,107,89
3544,108,361,4,107,429
3545,108,206,3,107,179
3546,108,206,2,107,179
3547,108,50,2,107,81
3548,108,424,4,107,420
3549,108,35,2,107,210
3550,108,367,3,107,50
3551,108,140,2,107,436
3552,108,146,3,107,421
3553,108,208,3,107,11
3554,108,384,3,107,47
3555,108,331,5,107,185
3556,108,233,1,107,189
3557,108,287,2,107,402
3558,108,132,5,107,273
3559,108,165,5,107,311
3560,108,140,4,107,436
3561,108,80,2,107,293
3562,108,392,5,107,350
3563,108,285,3,107,404
3564,109,358,3,108,371
3565,109,178,5,108,129
3566,109,120,1,108,381
3567,109,365,2,108,257
3568,109,318,5,108,279
3569,109,352,5,108,356
3570,109,184,3,108,298
3571,109,210,2,108,289
3572,109,294,3,108,99
3573,109,53,5,108,349
3574,109,303,5,108,153
3575,109,307,2,108,26
3576,109,193,3,108,72
3577,109,47,2,108,286
3578,109,88,3,108,88
3579,109,311,4,108,348
3580,109,5,5,108,2
3581,109,429,4,108,222
3582,109,408,1,108,369
3583,109,267,4,108,171
3584,109,86,5,108,68
3585,109,282,3,108,385
3586,109,235,1,108,164
3587,109,177,2,108,242
3588,109,100,4,108,79
3589,109,336,5,108,15
3590,109,184,1,108,298
3591,110,184,4,109,298
3592,110,355,1,109,215
3593,110,302,3,109,27
3594,110,317,2,109,315
3595,110,29,1,109,340
3596,110,2,2,109,30
3597,110,388,4,109,394
3598,110,332,3,109,292
3599,110,423,1,109,355
3600,110,339,4,109,209
3601,110,185,4,109,38
3602,110,290,2,109,98
3603,110,17,3,109,56
3604,110,113,4,109,299
3605,110,199,5,109,282
3606,110,207,3,109,262
3607,110,434,3,109,109
3608,110,233,2,109,189
3609,110,123,4,109,366
3610,110,107,4,109,37
3611,110,29,3,109,340
3612,110,79,5,109,393
3613,110,410,1,109,143
3614,110,235,2,109,164
3615,110,251,1,109,359
3616,110,37,3,109,213
3617,110,248,2,109,263
3618,110,197,4,109,208
3619,111,418,1,110,304
3620,111,255,3,110,146
3621,111,31,4,110,159
3622,111,133,3,110,399
3623,111,256,5,110,280
3624,111,300,5,110,106
3625,111,297,1,110,261
3626,111,121,1,110,138
3627,111,242,4,110,84
3628,111,428,4,110,20
3629,111,25,3,110,168
3630,111,233,1,110,189
3631,111,4,3,110,89
3632,111,328,3,110,25
3633,111,258,5,110,6
3634,111,387,4,110,418
3635,111,176,5,110,43
3636,111,63,4,110,203
3637,111,119,4,110,141
3638,111,254,5,110,397
3639,111,61,3,110,112
3640,111,131,3,110,70
3641,111,177,5,110,242
3642,111,279,4,110,290
3643,111,351,2,110,413
3644,111,40,4,110,378
3645,111,428,2,110,20
3646,112,435,1,111,252
3647,112,424,5,111,420
3648,112,221,3,111,368
3649,112,70,4,111,65
3650,112,391,4,111,115
3651,112,82,1,111,85
3652,112,288,4,111,283
3653,112,343,4,111,396
3654,112,26,3,111,274
3655,112,149,2,111,217
3656,112,92,2,111,131
3657,112,76,4,111,19
3658,112,317,4,111,315
3659,112,426,5,111,48
3660,112,90,1,111,201
3661,112,351,5,111,413
3662,112,8,4,111,250
3663,112,271,1,111,431
3664,112,197,3,111,208
3665,112,267,1,111,171
3666,112,411,2,111,327
3667,112,149,2,111,217
3668,112,33,2,111,66
3669,112,355,3,111,215
3670,112,27,2,111,118
3671,112,430,4,111,212
3672,112,159,5,111,113
3673,112,35,1,111,210
3674,112,22,1,111,325
3675,112,259,5,111,247
3676,113,354,4,112,401
3677,113,373,3,112,3
3678,113,118,5,112,63
3679,113,259,3,112,247
3680,113,7,3,112,435
3681,113,181,1,112,281
3682,113,46,1,112,229
3683,113,14,4,112,94
3684,113,145,2,112,194
3685,113,4,5,112,89
3686,113,37,2,112,213
3687,113,96,2,112,249
3688,113,16,3,112,277
3689,113,427,5,112,329
3690,113,218,4,112,408
3691,113,237,2,112,78
3692,113,228,4,112,77
3693,113,171,5,112,254
3694,113,34,1,112,308
3695,113,55,2,112,108
3696,113,34,1,112,308
3697,113,47,4,112,286
3698,113,74,2,112,101
3699,113,116,5,112,136
3700,113,401,4,112,373
3701,113,231,1,112,386
3702,113,435,5,112,252
3703,113,98,2,112,163
3704,113,215,1,112,375
3705,113,255,5,112,146
3706,113,365,1,112,257
3707,113,38,5,112,310
3708,113,218,4,112,408
3709,113,287,5,112,402
3710,113,171,4,112,254
3711,114,374,2,113,318
3712,114,333,2,113,316
3713,114,81,3,113,317
3714,114,68,3,113,107
3715,114,367,2,113,50
3716,114,320,4,113,424
3717,114,297,4,113,261
3718,114,157,2,113,384
3719,114,316,4,113,365
3720,114,239,2,113,265
3721,114,339,5,113,209
3722,114,415,2,113,417
3723,114,173,1,113,166
3724,114,167,3,113,46
3725,114,319,5,113,57
3726,114,41,1,113,14
3727,114,325,3,113,246
3728,114,180,2,113,416
3729,114,190,2,113,119
3730,114,391,5,113,115
3731,114,37,2,113,213
3732,114,324,5,113,387
3733,114,280,4,113,198
3734,114,166,5,113,51
3735,114,414,1,113,272
3736,114,252,2,113,271
3737,114,263,5,113,370
3738,114,144,3,113,377
3739,114,47,3,113,286
3740,114,127,4,113,221
3741,114,323,2,113,331
3742,114,79,3,113,393
3743,114,282,5,113,385
3744,115,111,4,114,36
3745,115,106,3,114,411
3746,115,23,5,114,32
3747,115,377,3,114,90
3748,115,412,4,114,296
3749,115,336,2,114,15
3750,115,413,3,114,39
3751,115,203,4,114,231
3752,115,193,4,114,72
3753,115,217,3,114,426
3754,115,124,3,114,313
3755,115,172,3,114,357
3756,115,165,3,114,311
3757,115,387,4,114,418
3758,115,134,4,114,76
3759,115,18,5,114,52
3760,115,92,5,114,131
3761,115,151,2,114,111
3762,115,69,5,114,406
3763,115,147,5,114,29
3764,115,55,3,114,108
3765,115,429,5,114,222
3766,115,126,1,114,149
3767,115,178,3,114,129
3768,115,369,4,114,225
3769,116,91,3,115,92
3770,116,176,4,115,43
3771,116,30,3,115,173
3772,116,183,1,115,151
3773,116,359,3,115,137
3774,116,84,4,115,305
3775,116,172,3,115,357
3776,116,181,1,115,281
3777,116,242,4,115,84
3778,116,50,4,115,81
3779,116,5,2,115,2
3780,116,408,2,115,369
3781,116,320,3,115,424
3782,116,336,2,115,15
3783,116,259,3,115,247
3784,116,263,2,115,370
3785,116,402,5,115,175
3786,116,325,1,115,246
3787,116,82,3,115,85
3788,116,427,1,115,329
3789,116,366,2,115,338
3790,116,171,5,115,254
3791,116,288,2,115,283
3792,116,384,2,115,47
3793,116,400,4,115,306
3794,116,308,3,115,288
3795,116,240,1,115,342
3796,116,319,4,115,57
3797,116,25,5,115,168
3798,116,114,3,115,239
3799,116,21,1,115,24
3800,116,153,1,115,264
3801,116,43,3,115,91
3802,116,117,3,115,398
3803,116,298,2,115,142
3804,116,259,3,115,247
3805,116,173,2,115,166
3806,116,406,2,115,95
3807,116,191,1,115,240
3808,117,375,2,116,294
3809,117,368,2,116,122
3810,117,254,4,116,397
3811,117,369,4,116,225
3812,117,332,5,116,292
3813,117,93,2,116,362
3814,117,282,3,116,385
3815,117,185,2,116,38
3816,117,78,2,116,35
3817,117,230,3,116,207
3818,117,9,2,116,110
3819,117,226,4,116,211
3820,117,237,3,116,78
3821,117,218,4,116,408
3822,117,129,4,116,152
3823,117,120,1,116,381
3824,117,165,5,116,311
3825,117,307,4,116,26
3826,117,102,5,116,133
3827,117,383,3,116,96
3828,117,50,1,116,81
3829,117,167,1,116,46
3830,117,413,5,116,39
3831,117,346,5,116,120
3832,117,298,2,116,142
3833,117,29,1,116,340
3834,117,229,4,116,97
3835,117,379,4,116,145
3836,117,279,3,116,290
3837,117,159,1,116,113
3838,117,132,4,116,273
3839,117,261,5,116,301
3840,117,189,4,116,410
3841,117,159,5,116,113
3842,117,206,1,116,179
3843,117,360,1,116,266
3844,118,436,5,117,104
3845,118,431,2,117,380
3846,118,235,2,117,164
3847,118,157,4,117,384
3848,118,413,2,117,39
3849,118,265,4,117,23
3850,118,412,4,117,296
3851,118,345,5,117,389
3852,118,253,2,117,184
3853,118,426,3,117,48
3854,118,138,2,117,103
3855,118,354,1,117,401
3856,118,167,5,117,46
3857,118,80,2,117,293
3858,118,381,3,117,121
3859,118,419,5,117,430
3860,118,349,4,117,326
3861,118,21,4,117,24
3862,118,1,4,117,400
3863,118,243,1,117,135
3864,118,414,2,117,272
3865,118,323,4,117,331
3866,118,202,2,117,60
3867,118,417,1,117,177
3868,118,159,5,117,113
3869,118,400,4,117,306
3870,118,146,3,117,421
3871,118,8,2,117,250
3872,118,436,4,117,104
3873,118,424,4,117,420
3874,118,312,5,117,5
3875,118,352,2,117,356
3876,118,195,4,117,307
3877,118,73,1,117,269
3878,119,35,3,118,210
3879,119,14,1,118,94
3880,119,392,3,118,350
3881,119,272,2,118,297
3882,119,178,4,118,129
3883,119,378,1,118,188
3884,119,104,2,118,73
3885,119,34,5,118,308
3886,119,193,3,118,72
3887,119,398,3,118,140
3888,119,305,4,118,407
3889,119,175,4,118,415
3890,119,405,2,118,13
3891,119,24,3,118,74
3892,119,259,3,118,247
3893,119,241,1,118,328
3894,119,104,1,118,73
3895,119,17,2,118,56
3896,119,432,2,118,314
3897,119,246,4,118,22
3898,119,269,2,118,147
3899,119,49,1,118,224
3900,119,308,4,118,288
3901,119,295,5,118,309
3902,119,53,1,118,349
3903,119,118,4,118,63
3904,119,203,1,118,231
3905,120,169,5,119,337
3906,120,216,5,119,382
3907,120,343,3,119,396
3908,120,28,5,119,181
3909,120,285,4,119,404
3910,120,155,5,119,403
3911,120,311,3,119,348
3912,120,41,5,119,14
3913,120,352,4,119,356
3914,120,234,1,119,205
3915,120,61,1,119,112
3916,120,34,3,119,308
3917,120,40,3,119,378
3918,120,406,4,119,95
3919,120,285,5,119,404
3920,120,402,4,119,175
3921,120,393,3,119,9
3922,120,380,5,119,395
3923,120,177,2,119,242
3924,120,65,3,119,230
3925,120,379,5,119,145
3926,120,5,1,119,2
3927,120,325,2,119,246
3928,120,377,4,119,90
3929,120,11,2,119,220
3930,120,247,1,119,158
3931,120,15,1,119,21
3932,120,41,2,119,14
3933,120,36,3,119,195
3934,120,16,2,119,277
3935,120,297,2,119,261
3936,120,38,1,119,310
3937,120,334,5,119,127
3938,121,383,2,120,96
3939,121,396,3,120,248
3940,121,69,3,120,406
3941,121,362,1,120,251
3942,121,397,3,120,114
3943,121,419,2,120,430
3944,121,336,3,120,15
3945,121,10,3,120,434
3946,121,55,5,120,108
3947,121,366,3,120,338
3948,121,28,4,120,181
3949,121,339,3,120,209
3950,121,59,5,120,253
3951,121,223,2,120,55
3952,121,148,4,120,156
3953,121,388,1,120,394
3954,121,253,2,120,184
3955,121,375,1,120,294
3956,121,348,5,120,86
3957,121,340,3,120,258
3958,121,383,1,120,96
3959,121,116,1,120,136
3960,121,245,4,120,245
3961,121,61,4,120,112
3962,121,430,5,120,212
3963,121,380,3,120,395
3964,121,39,3,120,390
3965,121,16,3,120,277
3966,121,86,3,120,68
3967,122,404,4,121,322
3968,122,433,4,121,123
3969,122,207,4,121,262
3970,122,292,2,121,17
3971,122,302,2,121,27
3972,122,365,4,121,257
3973,122,226,2,121,211
3974,122,10,3,121,434
3975,122,230,2,121,207
3976,122,291,2,121,379
3977,122,380,1,121,395
3978,122,134,4,121,76
3979,122,254,5,121,397
3980,122,359,4,121,137
3981,122,278,3,121,320
3982,122,265,1,121,23
3983,122,252,1,121,271
3984,122,48,4,121,28
3985,122,288,3,121,283
3986,122,357,1,121,268
3987,122,323,3,121,331
3988,122,257,4,121,134
3989,122,194,1,121,223
3990,122,206,4,121,179
3991,122,352,5,121,356
3992,122,431,2,121,380
3993,122,79,5,121,393
3994,122,415,1,121,417
3995,122,180,5,121,416
3996,122,116,5,121,136
3997,122,341,4,121,193
3998,123,68,1,122,107
3999,123,381,1,122,121
4000,123,421,1,122,59
4001,123,63,2,122,203
4002,123,233,4,122,189
4003,123,241,2,122,328
4004,123,299,1,122,351
4005,123,76,5,122,19
4006,123,102,1,122,133
4007,123,226,5,122,211
4008,123,284,4,122,206
4009,123,19,1,122,278
4010,123,212,1,122,312
4011,123,83,1,122,323
4012,123,66,1,122,345
4013,123,192,1,122,150
4014,123,176,2,122,43
4015,123,7,4,122,435
4016,123,289,1,122,291
4017,123,111,2,122,36
4018,123,432,4,122,314
4019,123,428,5,122,20
4020,123,279,1,122,290
4021,123,101,1,122,4
4022,123,294,3,122,99
4023,123,421,1,122,59
4024,123,74,1,122,101
4025,123,291,3,122,379
4026,123,211,1,122,180
4027,123,232,2,122,422
4028,123,145,2,122,194
4029,123,17,4,122,56
4030,123,385,2,122,139
4031,123,295,3,122,309
4032,124,211,3,123,180
4033,124,422,1,123,237
4034,124,156,5,123,241
4035,124,231,4,123,386
4036,124,319,3,123,57
4037,124,150,2,123,219
4038,124,45,3,123,165
4039,124,341,3,123,193
4040,124,237,2,123,78
4041,124,410,5,123,143
4042,124,221,1,123,368
4043,124,331,4,123,185
4044,124,336,4,123,15
4045,124,422,5,123,237
4046,124,302,1,123,27
4047,124,350,2,123,433
4048,124,155,2,123,403
4049,124,171,2,123,254
4050,124,51,1,123,428
4051,124,211,2,123,180
4052,124,296,4,123,154
4053,124,345,2,123,389
4054,124,431,5,123,380
4055,124,330,2,123,284
4056,124,329,4,123,388
4057,124,253,3,123,184
4058,124,158,3,123,161
4059,124,375,2,123,294
4060,124,227,1,123,67
4061,124,178,5,123,129
4062,124,413,3,123,39
4063,124,45,1,123,165
4064,124,9,5,123,110
4065,124,97,3,123,102
4066,124,376,5,123,82
4067,124,128,2,123,75
4068,124,269,2,123,147
4069,124,157,2,123,384
4070,124,106,5,123,411
4071,125,248,3,124,263
4072,125,101,4,124,4
4073,125,219,5,124,128
4074,125,38,3,124,310
4075,125,411,1,124,327
4076,125,141,4,124,233
4077,125,13,1,124,157
4078,125,250,1,124,62
4079,125,286,1,124,358
4080,125,171,5,124,254
4081,125,273,1,124,391
4082,125,37,3,124,213
4083,125,326,1,124,354
4084,125,381,5,124,121
4085,125,162,4,124,360
4086,125,84,5,124,305
4087,125,392,5,124,350
4088,125,309,5,124,100
4089,125,376,2,124,82
4090,125,72,4,124,228
4091,125,316,1,124,365
4092,125,90,3,124,201
4093,125,430,4,124,212
4094,125,434,1,124,109
4095,125,64,2,124,132
4096,125,244,2,124,335
4097,125,42,1,124,200
4098,125,202,1,124,60
4099,125,170,5,124,267
4100,125,21,2,124,24
4101,125,126,3,124,149
4102,125,253,5,124,184
4103,126,193,2,125,72
4104,126,7,4,125,435
4105,126,150,1,125,219
4106,126,216,1,125,382
4107,126,233,4,125,189
4108,126,282,3,125,385
4109,126,325,5,125,246
4110,126,69,2,125,406
4111,126,125,5,125,364
4112,126,431,5,125,380
4113,126,337,2,125,353
4114,126,54,1,125,64
4115,126,322,4,125,31
4116,126,391,4,125,115
4117,126,178,1,125,129
4118,126,107,5,125,37
4119,126,145,4,125,194
4120,126,135,3,125,336
4121,126,58,2,125,405
4122,126,253,4,125,184
4123,126,147,1,125,29
4124,126,349,5,125,326
4125,126,118,5,125,63
4126,126,195,5,125,307
4127,126,369,4,125,225
4128,126,169,5,125,337
4129,126,307,4,125,26
4130,126,174,1,125,367
4131,126,322,5,125,31
4132,126,215,4,125,375
4133,126,59,2,125,253
4134,126,383,2,125,96
4135,126,186,3,125,216
4136,126,89,2,125,12
4137,126,43,1,125,91
4138,126,206,5,125,179
4139,126,118,5,125,63
4140,126,111,4,125,36
4141,126,10,5,125,434
4142,126,402,1,125,175
4143,126,369,3,125,225
4144,127,334,2,126,127
4145,127,252,4,126,271
4146,127,245,1,126,245
4147,127,5,2,126,2
4148,127,103,2,126,10
4149,127,149,3,126,217
4150,127,179,4,126,0
4151,127,4,4,126,89
4152,127,155,4,126,403
4153,127,300,4,126,106
4154,127,413,4,126,39
4155,127,97,3,126,102
4156,127,378,2,126,188
4157,127,128,4,126,75
4158,127,203,1,126,231
4159,127,169,1,126,337
4160,127,60,3,126,341
4161,127,173,2,126,166
4162,127,33,3,126,66
4163,127,162,5,126,360
4164,127,49,1,126,224
4165,127,129,1,126,152
4166,127,222,4,126,18
4167,127,174,5,126,367
4168,127,418,2,126,304
4169,127,9,4,126,110
4170,127,179,3,126,0
4171,127,389,2,126,40
4172,127,48,3,126,28
4173,127,157,4,126,384
4174,127,113,2,126,299
4175,127,279,4,126,290
4176,127,189,5,126,410
4177,127,274,3,126,227
4178,128,348,1,127,86
4179,128,38,1,127,310
4180,128,342,5,127,256
4181,128,302,3,127,27
4182,128,294,2,127,99
4183,128,399,5,127,300
4184,128,286,1,127,358
4185,128,309,3,127,100
4186,128,28,5,127,181
4187,128,396,4,127,248
4188,128,224,4,127,144
4189,128,437,3,127,41
4190,128,64,4,127,132
4191,128,194,4,127,223
4192,128,29,3,127,340
4193,128,129,3,127,152
4194,128,305,4,127,407
4195,128,196,4,127,176
4196,128,422,5,127,237
4197,128,108,5,127,321
4198,128,207,1,127,262
4199,128,334,2,127,127
4200,128,175,1,127,415
4201,128,371,1,127,34
4202,128,342,2,127,256
4203,128,192,2,127,150
4204,128,270,2,127,276
4205,128,358,4,127,371
4206,128,149,4,127,217
4207,128,45,1,127,165
4208,128,300,4,127,106
4209,128,233,4,127,189
4210,128,241,2,127,328
4211,129,29,3,128,340
4212,129,272,5,128,297
4213,129,169,4,128,337
4214,129,163,1,128,243
4215,129,147,4,128,29
4216,129,319,3,128,57
4217,129,333,2,128,316
4218,129,108,2,128,321
4219,129,371,2,128,34
4220,129,6,3,128,218
4221,129,395,2,128,105
4222,129,437,4,128,41
4223,129,336,5,128,15
4224,129,261,4,128,301
4225,129,43,5,128,91
4226,129,55,2,128,108
4227,129,211,4,128,180
4228,129,193,2,128,72
4229,129,223,3,128,55
4230,129,295,5,128,309
4231,129,150,5,128,219
4232,129,419,5,128,430
4233,129,397,5,128,114
4234,129,356,5,128,361
4235,129,366,2,128,338
4236,129,391,4,128,115
4237,129,141,2,128,233
4238,129,80,2,128,293
4239,129,7,3,128,435
4240,129,161,2,128,344
4241,129,148,3,128,156
4242,129,155,5,128,403
4243,130,222,1,129,18
4244,130,52,5,129,235
4245,130,148,5,129,156
4246,130,43,2,129,91
4247,130,180,2,129,416
4248,130,354,4,129,401
4249,130,230,5,129,207
4250,130,271,4,129,431
4251,130,276,2,129,425
4252,130,303,2,129,153
4253,130,418,4,129,304
4254,130,279,3,129,290
4255,130,13,5,129,157
4256,130,44,3,129,93
4257,130,50,5,129,81
4258,130,434,2,129,109
4259,130,375,5,129,294
4260,130,417,4,129,177
4261,130,368,5,129,122
4262,130,190,2,129,119
4263,130,231,1,129,386
4264,130,422,5,129,237
4265,130,206,5,129,179
4266,130,183,4,129,151
4267,130,299,3,129,351
4268,130,111,3,129,36
4269,130,63,2,129,203
4270,130,431,4,129,380
4271,131,418,4,130,304
4272,131,387,5,130,418
4273,131,83,4,130,323
4274,131,121,4,130,138
4275,131,239,2,130,265
4276,131,99,5,130,155
4277,131,114,4,130,239
4278,131,369,2,130,225
4279,131,393,3,130,9
4280,131,19,1,130,278
4281,131,335,1,130,125
4282,131,293,2,130,236
4283,131,169,2,130,337
4284,131,22,2,130,325
4285,131,303,5,130,153
4286,131,325,4,130,246
4287,131,393,4,130,9
4288,131,408,2,130,369
4289,131,244,4,130,335
4290,131,26,1,130,274
4291,131,244,4,130,335
4292,131,389,2,130,40
4293,131,301,2,130,116
4294,131,113,4,130,299
4295,131,302,2,130,27
4296,131,219,2,130,128
4297,131,157,4,130,384
4298,131,158,2,130,161
4299,131,138,1,130,103
4300,131,426,1,130,48
4301,131,297,4,130,261
4302,131,313,1,130,383
4303,131,15,1,130,21
4304,131,380,3,130,395
4305,131,111,4,130,36
4306,131,407,5,130,44
4307,131,118,1,130,63
4308,131,25,1,130,168
4309,131,329,3,130,388
4310,132,172,5,131,357
4311,132,85,3,131,33
4312,132,425,5,131,324
4313,132,252,3,131,271
4314,132,24,3,131,74
4315,132,213,4,131,148
4316,132,65,3,131,230
4317,132,273,2,131,391
4318,132,118,1,131,63
4319,132,177,1,131,242
4320,132,316,4,131,365
4321,132,42,3,131,200
4322,132,368,3,131,122
4323,132,76,1,131,19
4324,132,347,1,131,275
4325,132,384,4,131,47
4326,132,381,2,131,121
4327,132,364,2,131,374
4328,132,221,1,131,368
4329,132,350,3,131,433
4330,132,304,3,131,178
4331,132,55,3,131,108
4332,132,135,1,131,336
4333,132,201,5,131,270
4334,132,410,5,131,143
4335,132,367,5,131,50
4336,132,35,5,131,210
4337,132,392,2,131,350
4338,133,307,4,132,26
4339,133,147,3,132,29
4340,133,307,4,132,26
4341,133,272,3,132,297
4342,133,425,4,132,324
4343,133,273,1,132,391
4344,133,114,1,132,239
4345,133,371,1,132,34
4346,133,280,3,132,198
4347,133,208,2,132,11
4348,133,102,1,132,133
4349,133,379,4,132,145
4350,133,400,2,132,306
4351,133,225,2,132,192
4352,133,397,2,132,114
4353,133,279,5,132,290
4354,133,205,5,132,204
4355,133,66,1,132,345
4356,133,357,5,132,268
4357,133,258,4,132,6
4358,133,208,4,132,11
4359,133,213,4,132,148
4360,133,47,3,132,286
4361,133,237,2,132,78
4362,133,191,5,132,240
4363,133,48,2,132,28
4364,133,315,5,132,333
4365,133,180,1,132,416
4366,133,392,3,132,350
4367,133,295,1,132,309
4368,133,252,5,132,271
4369,133,39,4,132,390
4370,133,104,3,132,73
4371,133,370,3,132,432
4372,134,128,5,133,75
4373,134,198,3,133,80
4374,134,62,1,133,334
4375,134,424,3,133,420
4376,134,290,2,133,98
4377,134,7,5,133,435
4378,134,360,4,133,266
4379,134,113,5,133,299
4380,134,271,3,133,431
4381,134,16,4,133,277
4382,134,353,4,133,372
4383,134,427,4,133,329
4384,134,228,3,133,77
4385,134,169,2,133,337
4386,134,348,1,133,86
4387,134,122,2,133,392
4388,134,175,3,133,415
4389,134,232,1,133,422
4390,134,121,3,133,138
4391,134,381,2,133,121
4392,134,107,3,133,37
4393,134,86,1,133,68
4394,134,215,3,133,375
4395,134,298,1,133,142
4396,134,179,2,133,0
4397,134,162,2,133,360
4398,134,373,4,133,3
4399,134,2,3,133,30
4400,134,53,2,133,349
4401,134,36,5,133,195
4402,134,84,4,133,305
4403,134,206,3,133,179
4404,134,141,3,133,233
4405,134,195,5,133,307
4406,134,411,5,133,327
4407,134,107,4,133,37
4408,134,112,4,133,302
4409,135,11,2,134,220
4410,135,29,4,134,340
4411,135,231,3,134,386
4412,135,361,1,134,429
4413,135,165,2,134,311
4414,135,211,1,134,180
4415,135,178,2,134,129
4416,135,96,5,134,249
4417,135,56,4,134,172
4418,135,337,4,134,353
4419,135,196,2,134,176
4420,135,102,4,134,133
4421,135,174,3,134,367
4422,135,108,2,134,321
4423,135,132,5,134,273
4424,135,216,2,134,382
4425,135,374,5,134,318
4426,135,363,4,134,414
4427,135,324,3,134,387
4428,135,22,5,134,325
4429,135,368,3,134,122
4430,135,292,5,134,17
4431,135,82,4,134,85
4432,135,368,5,134,122
4433,135,145,2,134,194
4434,135,92,1,134,131
4435,135,358,3,134,371
4436,135,93,2,134,362
4437,135,209,1,134,330
4438,135,126,4,134,149
4439,135,314,3,134,423
4440,135,392,5,134,350
4441,135,252,1,134,271
4442,135,307,2,134,26
4443,136,201,2,135,270
4444,136,411,1,135,327
4445,136,72,2,135,228
4446,136,36,1,135,195
4447,136,280,4,135,198
4448,136,254,2,135,397
4449,136,337,1,135,353
4450,136,20,4,135,7
4451,136,281,5,135,45
4452,136,187,2,135,260
4453,136,256,4,135,280
4454,136,70,4,135,65
4455,136,362,4,135,251
4456,136,81,2,135,317
4457,136,412,5,135,296
4458,136,401,4,135,373
4459,136,422,2,135,237
4460,136,354,3,135,401
4461,136,10,2,135,434
4462,136,274,2,135,227
4463,136,188,2,135,186
4464,136,67,4,135,16
4465,136,287,4,135,402
4466,136,75,3,135,202
4467,136,25,1,135,168
4468,136,58,3,135,405
4469,136,190,4,135,119
4470,136,272,1,135,297
4471,136,89,2,135,12
4472,136,422,1,135,237
4473,136,261,3,135,301
4474,136,433,2,135,123
4475,136,276,3,135,425
4476,136,116,2,135,136
4477,136,143,2,135,117
4478,136,356,1,135,361
4479,136,136,1,135,319
4480,136,279,2,135,290
4481,137,66,4,136,345
4482,137,370,5,136,432
4483,137,79,5,136,393
4484,137,424,3,136,420
4485,137,53,4,136,349
4486,137,371,5,136,34
4487,137,66,2,136,345
4488,137,321,5,136,53
4489,137,141,2,136,233
4490,137,168,3,136,196
4491,137,170,1,136,267
4492,137,258,3,136,6
4493,137,21,4,136,24
4494,137,234,1,136,205
4495,137,2,1,136,30
4496,137,393,1,136,9
4497,137,288,4,136,283
4498,137,295,5,136,309
4499,137,343,2,136,396
4500,137,27,5,136,118
4501,137,344,4,136,1
4502,137,350,4,136,433
4503,137,252,5,136,271
4504,137,141,1,136,233
4505,137,428,5,136,20
4506,137,185,3,136,38
4507,137,99,4,136,155
4508,137,81,1,136,317
4509,137,149,1,136,217
4510,137,289,4,136,291
4511,137,306,1,136,162
4512,137,288,3,136,283
4513,137,27,5,136,118
4514,137,36,3,136,195
4515,137,98,2,136,163
4516,138,180,2,137,416
4517,138,380,5,137,395
4518,138,318,4,137,279
4519,138,337,2,137,353
4520,138,112,3,137,302
4521,138,288,5,137,283
4522,138,420,2,137,124
4523,138,86,1,137,68
4524,138,239,2,137,265
4525,138,227,5,137,67
4526,138,18,3,137,52
4527,138,315,5,137,333
4528,138,340,5,137,258
4529,138,177,2,137,242
4530,138,340,4,137,258
4531,138,69,3,137,406
4532,138,48,1,137,28
4533,138,182,1,137,295
4534,138,107,4,137,37
4535,138,246,3,137,22
4536,138,239,1,137,265
4537,138,241,4,137,328
4538,138,115,5,137,126
4539,138,198,2,137,80
4540,138,134,3,137,76
4541,138,161,1,137,344
4542,138,146,1,137,421
4543,138,359,2,137,137
4544,138,81,4,137,317
4545,138,246,1,137,22
4546,138,310,3,137,58
4547,138,226,5,137,211
4548,138,357,5,137,268
4549,138,434,4,137,109
4550,138,248,4,137,263
4551,139,171,4,138,254
4552,139,178,5,138,129
4553,139,5,5,138,2
4554,139,283,3,138,61
4555,139,347,5,138,275
4556,139,362,3,138,251
4557,139,114,5,138,239
4558,139,98,2,138,163
4559,139,278,2,138,320
4560,139,437,2,138,41
4561,139,145,5,138,194
4562,139,434,2,138,109
4563,139,114,4,138,239
4564,139,37,5,138,213
4565,139,298,5,138,142
4566,139,143,1,138,117
4567,139,331,1,138,185
4568,139,172,2,138,357
4569,139,142,2,138,244
4570,139,154,1,138,8
4571,139,103,2,138,10
4572,139,364,4,138,374
4573,139,282,4,138,385
4574,139,214,2,138,238
4575,139,335,2,138,125
4576,139,141,4,138,233
4577,139,223,1,138,55
4578,139,154,4,138,8
4579,139,168,4,138,196
4580,139,412,3,138,296
4581,139,279,5,138,290
4582,139,224,5,138,144
4583,139,250,2,138,62
4584,139,209,1,138,330
4585,139,307,1,138,26
4586,140,64,2,139,132
4587,140,46,4,139,229
4588,140,262,1,139,54
4589,140,143,5,139,117
4590,140,187,3,139,260
4591,140,9,1,139,110
4592,140,87,1,139,412
4593,140,182,5,139,295
4594,140,227,4,139,67
4595,140,315,3,139,333
4596,140,136,4,139,319
4597,140,330,5,139,284
4598,140,13,4,139,157
4599,140,397,2,139,114
4600,140,234,1,139,205
4601,140,421,4,139,59
4602,140,75,1,139,202
4603,140,65,2,139,230
4604,140,85,3,139,33
4605,140,51,1,139,428
4606,140,76,1,139,19
4607,140,128,1,139,75
4608,140,119,5,139,141
4609,140,159,5,139,113
4610,140,68,5,139,107
4611,140,429,5,139,222
4612,140,304,3,139,178
4613,140,389,5,139,40
4614,140,157,5,139,384
4615,140,277,5,139,255
4616,140,331,1,139,185
4617,141,186,4,140,216
4618,141,235,3,140,164
4619,141,66,5,140,345
4620,141,120,5,140,381
4621,141,121,3,140,138
4622,141,149,4,140,217
4623,141,254,2,140,397
4624,141,258,3,140,6
4625,141,264,4,140,182
4626,141,320,1,140,424
4627,141,259,4,140,247
4628,141,304,3,140,178
4629,141,84,2,140,305
4630,141,366,5,140,338
4631,141,196,2,140,176
4632,141,226,3,140,211
4633,141,226,2,140,211
4634,141,58,3,140,405
4635,141,262,4,140,54
4636,141,404,2,140,322
4637,141,143,3,140,117
4638,141,241,1,140,328
4639,141,292,5,140,17
4640,141,51,5,140,428
4641,141,95,5,140,190
4642,141,399,5,140,300
4643,141,344,1,140,1
4644,141,355,3,140,215
4645,142,429,4,141,222
4646,142,26,3,141,274
4647,142,353,3,141,372
4648,142,51,3,141,428
4649,142,256,2,141,280
4650,142,87,3,141,412
4651,142,366,2,141,338
4652,142,19,1,141,278
4653,142,294,1,141,99
4654,142,143,3,141,117
4655,142,401,3,141,373
4656,142,169,1,141,337
4657,142,204,5,141,191
4658,142,406,1,141,95
4659,142,205,2,141,204
4660,142,19,3,141,278
4661,142,331,1,141,185
4662,142,381,1,141,121
4663,142,114,4,141,239
4664,142,436,5,141,104
4665,142,179,2,141,0
4666,142,55,5,141,108
4667,142,116,1,141,136
4668,142,349,2,141,326
4669,142,244,1,141,335
4670,142,366,1,141,338
4671,142,329,2,141,388
4672,142,377,4,141,90
4673,142,46,3,141,229
4674,142,184,1,141,298
4675,142,154,3,141,8
4676,142,353,4,141,372
4677,142,320,3,141,424
4678,142,221,5,141,368
4679,142,282,4,141,385
4680,142,376,1,141,82
4681,142,404,4,141,322
4682,142,434,3,141,109
4683,142,15,2,141,21
4684,142,268,2,141,83
4685,142,375,4,141,294
4686,142,7,3,141,435
4687,142,106,4,141,411
4688,142,199,2,141,282
4689,142,58,5,141,405
4690,142,135,2,141,336
4691,143,376,5,142,82
4692,143,275,4,142,167
4693,143,218,1,142,408
4694,143,131,2,142,70
4695,143,315,5,142,333
4696,143,91,1,142,92
4697,143,288,2,142,283
4698,143,148,1,142,156
4699,143,340,4,142,258
4700,143,91,2,142,92
4701,143,92,5,142,131
4702,143,232,4,142,422
4703,143,155,2,142,403
4704,143,314,5,142,423
4705,143,234,4,142,205
4706,143,42,3,142,200
4707,143,132,5,142,273
4708,143,73,1,142,269
4709,143,108,5,142,321
4710,143,241,5,142,328
4711,143,290,3,142,98
4712,143,363,4,142,414
4713,143,160,3,142,363
4714,143,300,1,142,106
4715,143,378,2,142,188
4716,143,93,3,142,362
4717,143,418,5,142,304
4718,143,57,5,142,427
4719,143,151,2,142,111
4720,143,100,5,142,79
4721,143,194,5,142,223
4722,143,96,1,142,249
4723,143,355,1,142,215
4724,143,4,5,142,89
4725,143,33,2,142,66
4726,143,426,3,142,48
4727,143,424,2,142,420
4728,143,302,2,142,27
4729,143,162,2,142,360
4730,143,127,5,142,221
4731,143,287,3,142,402
4732,143,346,2,142,120
4733,143,196,2,142,176
4734,143,372,4,142,346
4735,143,351,5,142,413
4736,143,276,4,142,425
4737,143,127,5,142,221
4738,144,367,5,143,50
4739,144,250,2,143,62
4740,144,344,5,143,1
4741,144,385,2,143,139
4742,144,119,3,143,141
4743,144,112,5,143,302
4744,144,330,5,143,284
4745,144,54,3,143,64
4746,144,276,4,143,425
4747,144,126,4,143,149
4748,144,375,3,143,294
4749,144,64,1,143,132
4750,144,250,2,143,62
4751,144,356,3,143,361
4752,144,381,1,143,121
4753,144,167,5,143,46
4754,144,284,2,143,206
4755,144,342,2,143,256
4756,144,40,3,143,378
4757,144,146,5,143,421
4758,144,143,2,143,117
4759,144,193,1,143,72
4760,144,111,4,143,36
4761,144,201,2,143,270
4762,144,63,4,143,203
4763,144,213,2,143,148
4764,144,136,2,143,319
4765,144,38,5,143,310
4766,144,201,2,143,270
4767,144,351,3,143,413
4768,144,38,4,143,310
4769,144,206,2,143,179
4770,144,67,2,143,16
4771,144,402,4,143,175
4772,144,294,3,143,99
4773,144,186,1,143,216
4774,144,216,5,143,382
4775,144,368,3,143,122
4776,144,368,4,143,122
4777,144,27,5,143,118
4778,144,301,2,143,116
4779,145,388,2,144,394
4780,145,369,2,144,225
4781,145,70,1,144,65
4782,145,329,1,144,388
4783,145,216,3,144,382
4784,145,301,4,144,116
4785,145,323,3,144,331
4786,145,416,5,144,187
4787,145,330,5,144,284
4788,145,201,2,144,270
4789,145,53,3,144,349
4790,145,227,3,144,67
4791,145,280,2,144,198
4792,145,94,5,144,226
4793,145,278,1,144,320
4794,145,111,1,144,36
4795,145,163,5,144,243
4796,145,345,3,144,389
4797,145,317,2,144,315
4798,145,183,4,144,151
4799,145,229,3,144,97
4800,145,53,2,144,349
4801,145,343,1,144,396
4802,145,218,2,144,408
4803,145,286,4,144,358
4804,145,380,1,144,395
4805,145,247,3,144,158
4806,145,245,3,144,245
4807,145,117,3,144,398
4808,145,276,4,144,425
4809,145,130,4,144,169
4810,145,177,3,144,242
4811,145,413,3,144,39
4812,145,224,5,144,144
4813,145,27,4,144,118
4814,145,78,2,144,35
4815,145,91,2,144,92
4816,146,341,2,145,193
4817,146,13,1,145,157
4818,146,372,2,145,346
4819,146,273,2,145,391
4820,146,405,2,145,13
4821,146,167,2,145,46
4822,146,363,1,145,414
4823,146,74,3,145,101
4824,146,377,3,145,90
4825,146,280,1,145,198
4826,146,423,1,145,355
4827,146,263,4,145,370
4828,146,385,5,145,139
4829,146,61,2,145,112
4830,146,169,4,145,337
4831,146,408,3,145,369
4832,146,275,3,145,167
4833,146,44,5,145,93
4834,146,400,2,145,306
4835,146,285,1,145,404
4836,146,291,2,145,379
4837,146,250,5,145,62
4838,146,153,1,145,264
4839,146,204,1,145,191
4840,146,38,2,145,310
4841,146,25,1,145,168
4842,146,194,3,145,223
4843,146,325,5,145,246
4844,146,108,3,145,321
4845,146,107,2,145,37
4846,146,122,5,145,392
4847,146,313,1,145,383
4848,146,421,3,145,59
4849,146,291,2,145,379
4850,146,293,4,145,236
4851,146,351,2,145,413
4852,146,159,5,145,113
4853,146,203,1,145,231
4854,146,137,5,145,332
4855,146,7,2,145,435
4856,147,78,3,146,35
4857,147,314,4,146,423
4858,147,298,2,146,142
4859,147,257,5,146,134
4860,147,224,2,146,144
4861,147,400,2,146,306
4862,147,38,4,146,310
4863,147,171,4,146,254
4864,147,388,1,146,394
4865,147,99,1,146,155
4866,147,388,4,146,394
4867,147,257,2,146,134
4868,147,15,1,146,21
4869,147,116,2,146,136
4870,147,245,5,146,245
4871,147,156,5,146,241
4872,147,418,1,146,304
4873,147,345,2,146,389
4874,147,113,4,146,299
4875,147,55,4,146,108
4876,147,319,2,146,57
4877,147,311,2,146,348
4878,147,219,4,146,128
4879,147,412,4,146,296
4880,147,405,1,146,13
4881,147,162,4,146,360
4882,147,363,5,146,414
4883,147,46,1,146,229
4884,147,333,4,146,316
4885,147,305,5,146,407
4886,147,297,2,146,261
4887,147,29,2,146,340
4888,147,359,3,146,137
4889,148,154,1,147,8
4890,148,59,1,147,253
4891,148,26,2,147,274
4892,148,329,5,147,388
4893,148,147,2,147,29
4894,148,7,3,147,435
4895,148,217,3,147,426
4896,148,153,1,147,264
4897,148,424,3,147,420
4898,148,198,5,147,80
4899,148,193,3,147,72
4900,148,137,4,147,332
4901,148,89,3,147,12
4902,148,91,1,147,92
4903,148,435,5,147,252
4904,148,158,1,147,161
4905,148,224,4,147,144
4906,148,8,1,147,250
4907,148,135,3,147,336
4908,148,196,4,147,176
4909,148,248,5,147,263
4910,148,274,4,147,227
4911,148,189,3,147,410
4912,148,280,5,147,198
4913,148,373,2,147,3
4914,148,253,4,147,184
4915,148,377,2,147,90
4916,148,242,3,147,84
4917,148,103,3,147,10
4918,148,198,2,147,80
4919,149,394,4,148,419
4920,149,149,2,148,217
4921,149,107,1,148,37
4922,149,425,2,148,324
4923,149,213,5,148,148
4924,149,414,1,148,272
4925,149,232,1,148,422
4926,149,171,2,148,254
4927,149,73,2,148,269
4928,149,294,5,148,99
4929,149,185,2,148,38
4930,149,249,1,148,69
4931,149,106,1,148,411
4932,149,73,2,148,269
4933,149,60,2,148,341
4934,149,183,3,148,151
4935,149,430,4,148,212
4936,149,285,1,148,404
4937,149,185,4,148,38
4938,149,342,3,148,256
4939,149,411,2,148,327
4940,149,198,2,148,80
4941,149,350,3,148,433
4942,149,160,4,148,363
4943,149,29,5,148,340
4944,149,11,1,148,220
4945,149,317,5,148,315
4946,149,431,5,148,380
4947,149,131,5,148,70
4948,149,77,2,148,160
4949,149,45,3,148,165
4950,149,157,5,148,384
4951,149,352,3,148,356
4952,149,287,4,148,402
4953,149,244,5,148,335
4954,149,233,2,148,189
4955,150,338,3,149,347
4956,150,44,3,149,93
4957,150,369,2,149,225
4958,150,165,2,149,311
4959,150,434,2,149,109
4960,150,4,4,149,89
4961,150,220,5,149,409
4962,150,320,4,149,424
4963,150,28,4,149,181
4964,150,333,4,149,316
4965,150,311,4,149,348
4966,150,189,2,149,410
4967,150,51,5,149,428
4968,150,217,3,149,426
4969,150,332,5,149,292
4970,150,411,4,149,327
4971,150,180,1,149,416
4972,150,156,3,149,241
4973,150,122,1,149,392
4974,150,83,5,149,323
4975,150,14,4,149,94
4976,150,371,5,149,34
4977,150,292,4,149,17
4978,150,81,4,149,317
4979,150,67,3,149,16
4980,150,388,2,149,394
4981,150,239,5,149,265
4982,150,427,5,149,329
4983,150,28,4,149,181
4984,150,341,4,149,193
4985,150,166,2,149,51
4986,150,400,2,149,306
4987,151,80,1,150,293
4988,151,217,5,150,426
4989,151,213,3,150,148
4990,151,227,5,150,67
4991,151,358,5,150,371
4992,151,238,3,150,174
4993,151,332,3,150,292
4994,151,362,5,150,251
4995,151,121,1,150,138
4996,151,96,4,150,249
4997,151,178,5,150,129
4998,151,387,3,150,418
4999,151,129,1,150,152
5000,151,105,4,150,42
5001,151,392,2,150,350
5002,151,381,4,150,121
5003,151,180,5,150,416
5004,151,259,3,150,247
5005,151,14,5,150,94
5006,151,179,2,150,0
5007,151,19,1,150,278
5008,151,397,4,150,114
5009,152,372,2,151,346
5010,152,373,5,151,3
5011,152,240,5,151,342
5012,152,369,3,151,225
5013,152,259,5,151,247
5014,152,273,3,151,391
5015,152,207,5,151,262
5016,152,343,2,151,396
5017,152,204,3,151,191
5018,152,117,5,151,398
5019,152,233,2,151,189
5020,152,259,1,151,247
5021,152,186,5,151,216
5022,152,208,2,151,11
5023,152,255,3,151,146
5024,152,122,2,151,392
5025,152,177,3,151,242
5026,152,115,1,151,126
5027,152,17,4,151,56
5028,152,132,3,151,273
5029,152,332,2,151,292
5030,152,142,3,151,244
5031,152,291,1,151,379
5032,152,217,5,151,426
5033,152,313,5,151,383
5034,152,385,2,151,139
5035,152,322,3,151,31
5036,152,401,2,151,373
5037,152,322,3,151,31
5038,152,224,1,151,144
5039,153,347,1,152,275
5040,153,183,4,152,151
5041,153,264,3,152,182
5042,153,419,1,152,430
5043,153,51,3,152,428
5044,153,176,1,152,43
5045,153,386,1,152,352
5046,153,227,3,152,67
5047,153,60,3,152,341
5048,153,18,2,152,52
5049,153,96,2,152,249
5050,153,150,5,152,219
5051,153,271,5,152,431
5052,153,59,1,152,253
5053,153,222,1,152,18
5054,153,420,4,152,124
5055,153,183,5,152,151
5056,153,30,4,152,173
5057,153,269,3,152,147
5058,153,139,5,152,232
5059,153,20,4,152,7
5060,153,156,3,152,241
5061,153,344,1,152,1
5062,153,427,1,152,329
5063,153,16,1,152,277
5064,154,2,3,153,30
5065,154,88,3,153,88
5066,154,165,5,153,311
5067,154,157,5,153,384
5068,154,72,5,153,228
5069,154,224,4,153,144
5070,154,324,3,153,387
5071,154,298,5,153,142
5072,154,303,4,153,153
5073,154,147,1,153,29
5074,154,329,1,153,388
5075,154,160,4,153,363
5076,154,306,4,153,162
5077,154,327,5,153,303
5078,154,68,3,153,107
5079,154,210,5,153,289
5080,154,294,3,153,99
5081,154,402,1,153,175
5082,154,136,4,153,319
5083,154,398,1,153,140
5084,154,240,3,153,342
5085,154,376,1,153,82
5086,154,417,4,153,177
5087,154,429,5,153,222
5088,154,394,3,153,419
5089,154,32,4,153,287
5090,154,335,2,153,125
5091,154,231,2,153,386
5092,154,226,4,153,211
5093,155,307,4,154,26
5094,155,338,1,154,347
5095,155,229,4,154,97
5096,155,311,2,154,348
5097,155,129,1,154,152
5098,155,130,3,154,169
5099,155,317,4,154,315
5100,155,114,2,154,239
5101,155,396,2,154,248
5102,155,408,1,154,369
5103,155,338,2,154,347
5104,155,17,5,154,56
5105,155,306,3,154,162
5106,155,435,1,154,252
5107,155,137,2,154,332
5108,155,205,4,154,204
5109,155,228,1,154,77
5110,155,424,4,154,420
5111,155,233,3,154,189
5112,155,130,3,154,169
5113,155,89,1,154,12
5114,155,347,2,154,275
5115,155,209,4,154,330
5116,155,248,1,154,263
5117,155,228,4,154,77
5118,155,73,3,154,269
5119,155,23,2,154,32
5120,155,197,1,154,208
5121,155,332,5,154,292
5122,155,321,5,154,53
5123,156,220,2,155,409
5124,156,55,1,155,108
5125,156,379,4,155,145
5126,156,271,3,155,431
5127,156,198,5,155,80
5128,156,62,3,155,334
5129,156,6,5,155,218
5130,156,338,4,155,347
5131,156,142,4,155,244
5132,156,201,1,155,270
5133,156,74,3,155,101
5134,156,260,4,155,259
5135,156,9,1,155,110
5136,156,407,1,155,44
5137,156,8,5,155,250
5138,156,201,2,155,270
5139,156,150,5,155,219
5140,156,42,2,155,200
5141,156,59,5,155,253
5142,156,96,1,155,249
5143,156,201,1,155,270
5144,156,432,3,155,314
5145,156,351,4,155,413
5146,156,77,5,155,160
5147,156,77,1,155,160
5148,156,45,3,155,165
5149,156,146,5,155,421
5150,156,324,5,155,387
5151,156,162,4,155,360
5152,157,368,5,156,122
5153,157,436,3,156,104
5154,157,360,1,156,266
5155,157,112,5,156,302
5156,157,196,3,156,176
5157,157,429,2,156,222
5158,157,400,3,156,306
5159,157,228,1,156,77
5160,157,429,1,156,222
5161,157,350,3,156,433
5162,157,36,2,156,195
5163,157,214,4,156,238
5164,157,380,5,156,395
5165,157,335,5,156,125
5166,157,106,1,156,411
5167,157,317,3,156,315
5168,157,180,1,156,416
5169,157,412,1,156,296
5170,157,289,5,156,291
5171,157,148,1,156,156
5172,157,416,5,156,187
5173,157,404,3,156,322
5174,157,59,4,156,253
5175,157,149,3,156,217
5176,157,221,4,156,368
5177,157,227,5,156,67
5178,157,69,3,156,406
5179,157,36,2,156,195
5180,157,170,3,156,267
5181,157,33,3,156,66
5182,157,93,5,156,362
5183,157,317,4,156,315
5184,157,307,3,156,26
5185,157,330,2,156,284
5186,157,202,5,156,60
5187,157,48,1,156,28
5188,157,262,3,156,54
5189,157,236,4,156,199
5190,157,142,4,156,244
5191,157,85,4,156,33
5192,157,405,3,156,13
5193,157,53,4,156,349
5194,157,350,3,156,433
5195,158,203,1,157,231
5196,158,83,5,157,323
5197,158,61,5,157,112
5198,158,430,5,157,212
5199,158,111,3,157,36
5200,158,333,5,157,316
5201,158,168,1,157,196
5202,158,372,2,157,346
5203,158,22,1,157,325
5204,158,414,3,157,272
5205,158,314,3,157,423
5206,158,138,4,157,103
5207,158,82,2,157,85
5208,158,334,3,157,127
5209,158,201,1,157,270
5210,158,242,4,157,84
5211,158,81,5,157,317
5212,158,153,3,157,264
5213,158,374,1,157,318
5214,158,312,2,157,5
5215,158,133,1,157,399
5216,158,194,3,157,223
5217,158,77,1,157,160
5218,158,233,2,157,189
5219,158,175,1,157,415
5220,158,325,5,157,246
5221,158,233,3,157,189
5222,158,347,1,157,275
5223,158,158,4,157,161
5224,158,347,5,157,275
5225,158,149,4,157,217
5226,158,105,2,157,42
5227,158,311,5,157,348
5228,159,318,2,158,279
5229,159,316,4,158,365
5230,159,152,5,158,339
5231,159,1,1,158,400
5232,159,178,1,158,129
5233,159,294,1,158,99
5234,159,111,2,158,36
5235,159,316,2,158,365
5236,159,158,2,158,161
5237,159,69,4,158,406
5238,159,165,2,158,311
5239,159,103,4,158,10
5240,159,246,1,158,22
5241,159,223,5,158,55
5242,159,151,1,158,111
5243,159,135,3,158,336
5244,159,102,4,158,133
5245,159,326,1,158,354
5246,159,193,5,158,72
5247,159,117,2,158,398
5248,159,348,3,158,86
5249,159,166,1,158,51
5250,159,100,5,158,79
5251,159,324,1,158,387
5252,159,235,5,158,164
5253,159,172,5,158,357
5254,159,361,3,158,429
5255,159,101,4,158,4
5256,159,373,4,158,3
5257,159,355,1,158,215
5258,159,56,2,158,172
5259,159,204,4,158,191
5260,159,284,2,158,206
5261,159,85,4,158,33
5262,159,159,2,158,113
5263,159,270,1,158,276
5264,159,35,3,158,210
5265,159,428,3,158,20
5266,159,246,4,158,22
5267,159,418,3,158,304
5268,159,394,1,158,419
5269,160,116,5,159,136
5270,160,369,1,159,225
5271,160,205,1,159,204
5272,160,241,1,159,328
5273,160,35,3,159,210
5274,160,430,5,159,212
5275,160,134,1,159,76
5276,160,219,1,159,128
5277,160,292,2,159,17
5278,160,153,5,159,264
5279,160,268,2,159,83
5280,160,259,1,159,247
5281,160,223,3,159,55
5282,160,74,1,159,101
5283,160,222,2,159,18
5284,160,357,2,159,268
5285,160,87,3,159,412
5286,160,2,2,159,30
5287,160,219,2,159,128
5288,160,195,5,159,307
5289,160,104,4,159,73
5290,160,230,5,159,207
5291,160,243,2,159,135
5292,160,211,5,159,180
5293,160,2,3,159,30
5294,160,398,3,159,140
5295,160,201,2,159,270
5296,160,99,5,159,155
5297,160,432,4,159,314
5298,160,292,3,159,17
5299,160,367,1,159,50
5300,160,8,3,159,250
5301,160,124,5,159,313
5302,160,129,5,159,152
5303,160,172,2,159,357
5304,160,201,2,159,270
5305,160,34,2,159,308
5306,160,409,2,159,87
5307,160,215,2,159,375
5308,161,410,1,160,143
5309,161,233,2,160,189
5310,161,56,3,160,172
5311,161,106,4,160,411
5312,161,355,3,160,215
5313,161,7,1,160,435
5314,161,336,5,160,15
5315,161,260,2,160,259
5316,161,238,4,160,174
5317,161,52,5,160,235
5318,161,330,5,160,284
5319,161,326,3,160,354
5320,161,354,4,160,401
5321,161,123,4,160,366
5322,161,6,5,160,218
5323,161,196,1,160,176
5324,161,383,5,160,96
5325,161,56,5,160,172
5326,161,124,2,160,313
5327,161,137,1,160,332
5328,161,295,2,160,309
5329,161,355,5,160,215
5330,161,285,1,160,404
5331,161,138,4,160,103
5332,161,211,4,160,180
5333,161,324,5,160,387
5334,161,330,1,160,284
5335,161,30,4,160,173
5336,161,249,1,160,69
5337,161,58,1,160,405
5338,161,218,1,160,408
5339,162,138,5,161,103
5340,162,23,2,161,32
5341,162,277,3,161,255
5342,162,169,3,161,337
5343,162,139,5,161,232
5344,162,376,3,161,82
5345,162,94,3,161,226
5346,162,367,2,161,50
5347,162,174,5,161,367
5348,162,1,5,161,400
5349,162,55,2,161,108
5350,162,161,1,161,344
5351,162,34,5,161,308
5352,162,86,4,161,68
5353,162,185,4,161,38
5354,162,48,2,161,28
5355,162,250,2,161,62
5356,162,261,5,161,301
5357,162,36,3,161,195
5358,162,13,4,161,157
5359,162,160,2,161,363
5360,162,238,1,161,174
5361,162,69,3,161,406
5362,162,15,4,161,21
5363,162,354,4,161,401
5364,162,86,3,161,68
5365,162,342,1,161,256
5366,162,155,3,161,403
5367,162,167,3,161,46
5368,162,193,5,161,72
5369,162,40,2,161,378
5370,162,366,4,161,338
5371,163,140,5,162,436
5372,163,302,1,162,27
5373,163,120,4,162,381
5374,163,59,4,162,253
5375,163,371,1,162,34
5376,163,47,4,162,286
5377,163,30,5,162,173
5378,163,206,3,162,179
5379,163,38,1,162,310
5380,163,100,2,162,79
5381,163,405,5,162,13
5382,163,121,3,162,138
5383,163,22,1,162,325
5384,163,94,5,162,226
5385,163,24,4,162,74
5386,163,417,3,162,177
5387,163,379,1,162,145
5388,163,347,5,162,275
5389,163,79,3,162,393
5390,163,18,3,162,52
5391,163,178,1,162,129
5392,163,176,5,162,43
5393,163,330,1,162,284
5394,163,108,5,162,321
5395,163,41,1,162,14
5396,163,114,2,162,239
5397,163,322,5,162,31
5398,163,91,2,162,92
5399,163,258,5,162,6
5400,163,383,2,162,96
5401,163,325,5,162,246
5402,163,128,5,162,75
5403,163,133,2,162,399
5404,163,405,1,162,13
5405,164,291,4,163,379
5406,164,208,2,163,11
5407,164,231,5,163,386
5408,164,295,3,163,309
5409,164,102,4,163,133
5410,164,58,2,163,405
5411,164,31,1,163,159
5412,164,312,1,163,5
5413,164,79,4,163,393
5414,164,249,4,163,69
5415,164,354,3,163,401
5416,164,186,4,163,216
5417,164,372,3,163,346
5418,164,100,1,163,79
5419,164,264,4,163,182
5420,164,219,5,163,128
5421,164,26,4,163,274
5422,164,382,5,163,71
5423,164,134,5,163,76
5424,164,298,1,163,142
5425,164,7,4,163,435
5426,164,169,2,163,337
5427,164,182,1,163,295
5428,164,129,3,163,152
5429,164,415,1,163,417
5430,164,249,5,163,69
5431,164,35,1,163,210
5432,164,68,2,163,107
5433,164,348,2,163,86
5434,164,409,3,163,87
5435,164,333,3,163,316
5436,164,84,2,163,305
5437,164,24,5,163,74
5438,164,248,3,163,263
5439,164,363,3,163,414
5440,165,205,4,164,204
5441,165,157,5,164,384
5442,165,20,5,164,7
5443,165,337,1,164,353
5444,165,151,3,164,111
5445,165,411,5,164,327
5446,165,333,4,164,316
5447,165,216,4,164,382
5448,165,85,4,164,33
5449,165,162,2,164,360
5450,165,150,1,164,219
5451,165,188,2,164,186
5452,165,168,2,164,196
5453,165,188,3,164,186
5454,165,149,4,164,217
5455,165,319,2,164,57
5456,165,146,3,164,421
5457,165,421,5,164,59
5458,165,88,3,164,88
5459,165,377,5,164,90
5460,165,436,4,164,104
5461,165,373,4,164,3
5462,165,97,5,164,102
5463,165,178,1,164,129
5464,165,221,3,164,368
5465,165,53,2,164,349
5466,165,160,2,164,363
5467,165,253,2,164,184
5468,165,282,2,164,385
5469,165,52,5,164,235
5470,165,367,4,164,50
5471,165,153,1,164,264
5472,165,204,5,164,191
5473,165,275,2,164,167
5474,165,344,4,164,1
5475,166,265,3,165,23
5476,166,262,1,165,54
5477,166,153,3,165,264
5478,166,360,2,165,266
5479,166,391,1,165,115
5480,166,344,2,165,1
5481,166,398,4,165,140
5482,166,371,5,165,34
5483,166,302,1,165,27
5484,166,332,1,165,292
5485,166,41,5,165,14
5486,166,151,1,165,111
5487,166,41,4,165,14
5488,166,328,5,165,25
5489,166,168,5,165,196
5490,166,141,4,165,233
5491,166,435,3,165,252
5492,166,426,4,165,48
5493,166,131,4,165,70
5494,166,59,3,165,253
5495,166,251,4,165,359
5496,166,358,2,165,371
5497,166,95,3,165,190
5498,166,333,4,165,316
5499,166,417,1,165,177
5500,166,355,5,165,215
5501,166,262,1,165,54
5502,166,190,4,165,119
5503,166,168,4,165,196
5504,167,113,4,166,299
5505,167,240,2,166,342
5506,167,74,2,166,101
5507,167,105,5,166,42
5508,167,425,4,166,324
5509,167,265,3,166,23
5510,167,191,4,166,240
5511,167,155,2,166,403
5512,167,316,4,166,365
5513,167,266,2,166,130
5514,167,55,1,166,108
5515,167,432,4,166,314
5516,167,364,1,166,374
5517,167,90,4,166,201
5518,167,418,4,166,304
5519,167,347,4,166,275
5520,167,400,3,166,306
5521,167,118,4,166,63
5522,167,333,5,166,316
5523,167,309,1,166,100
5524,167,351,4,166,413
5525,167,54,3,166,64
5526,167,150,4,166,219
5527,167,243,5,166,135
5528,167,280,3,166,198
5529,167,418,3,166,304
5530,167,82,4,166,85
5531,167,256,3,166,280
5532,167,203,3,166,231
5533,167,86,2,166,68
5534,167,406,3,166,95
5535,167,346,2,166,120
5536,167,362,2,166,251
5537,167,1,5,166,400
5538,167,147,1,166,29
5539,167,36,3,166,195
5540,167,303,1,166,153
5541,167,64,4,166,132
5542,167,232,5,166,422
5543,167,405,5,166,13
5544,168,160,5,167,363
5545,168,356,5,167,361
5546,168,136,4,167,319
5547,168,428,5,167,20
5548,168,96,4,167,249
5549,168,346,5,167,120
5550,168,326,4,167,354
5551,168,290,1,167,98
5552,168,357,1,167,268
5553,168,203,3,167,231
5554,168,282,4,167,385
5555,168,155,4,167,403
5556,168,148,4,167,156
5557,168,428,4,167,20
5558,168,45,1,167,165
5559,168,33,2,167,66
5560,168,162,2,167,360
5561,168,244,2,167,335
5562,168,61,1,167,112
5563,168,50,5,167,81
5564,168,326,3,167,354
5565,168,305,1,167,407
5566,168,127,2,167,221
5567,168,27,5,167,118
5568,168,257,4,167,134
5569,168,232,3,167,422
5570,168,64,3,167,132
5571,168,13,5,167,157
5572,168,284,3,167,206
5573,168,46,2,167,229
5574,168,17,5,167,56
5575,168,335,4,167,125
5576,168,341,1,167,193
5577,168,298,5,167,142
5578,168,202,4,167,60
5579,168,199,2,167,282
5580,168,300,3,167,106
5581,168,218,5,167,408
5582,168,164,4,167,170
5583,168,304,5,167,178
5584,168,50,3,167,81
5585,168,261,4,167,301
5586,168,91,3,167,92
5587,169,58,2,168,405
5588,169,131,1,168,70
5589,169,180,3,168,416
5590,169,125,5,168,364
5591,169,279,4,168,290
5592,169,332,5,168,292
5593,169,362,5,168,251
5594,169,153,2,168,264
5595,169,349,2,168,326
5596,169,241,5,168,328
5597,169,161,4,168,344
5598,169,34,1,168,308
5599,169,295,3,168,309
5600,169,293,3,168,236
5601,169,390,4,168,49
5602,169,338,1,168,347
5603,169,206,5,168,179
5604,169,256,1,168,280
5605,169,7,1,168,435
5606,169,407,1,168,44
5607,169,348,3,168,86
5608,169,363,5,168,414
5609,169,12,1,168,197
5610,169,1,5,168,400
5611,169,274,1,168,227
5612,169,74,5,168,101
5613,169,271,2,168,431
5614,169,183,4,168,151
5615,169,436,4,168,104
5616,169,21,5,168,24
5617,169,109,3,168,214
5618,170,13,3,169,157
5619,170,298,1,169,142
5620,170,30,1,169,173
5621,170,76,4,169,19
5622,170,11,4,169,220
5623,170,355,1,169,215
5624,170,271,4,169,431
5625,170,274,2,169,227
5626,170,369,4,169,225
5627,170,198,2,169,80
5628,170,72,3,169,228
5629,170,259,4,169,247
5630,170,398,2,169,140
5631,170,296,4,169,154
5632,170,201,2,169,270
5633,170,368,2,169,122
5634,170,250,1,169,62
5635,170,230,5,169,207
5636,170,237,1,169,78
5637,170,330,3,169,284
5638,170,208,2,169,11
5639,170,265,2,169,23
5640,170,228,2,169,77
5641,170,193,5,169,72
5642,170,165,2,169,311
5643,170,309,5,169,100
5644,170,6,1,169,218
5645,170,155,1,169,403
5646,170,201,4,169,270
5647,170,8,3,169,250
5648,170,260,3,169,259
5649,170,160,3,169,363
5650,170,230,4,169,207
5651,170,427,3,169,329
5652,170,338,5,169,347
5653,170,357,2,169,268
5654,170,264,2,169,182
5655,170,325,1,169,246
5656,170,350,5,169,433
5657,170,267,1,169,171
5658,170,101,1,169,4
5659,171,277,4,170,255
5660,171,56,2,170,172
5661,171,332,1,170,292
5662,171,71,4,170,234
5663,171,233,3,170,189
5664,171,166,2,170,51
5665,171,80,5,170,293
5666,171,86,4,170,68
5667,171,240,5,170,342
5668,171,244,4,170,335
5669,171,327,1,170,303
5670,171,334,3,170,127
5671,171,263,5,170,370
5672,171,264,3,170,182
5673,171,283,3,170,61
5674,171,436,4,170,104
5675,171,308,4,170,288
5676,171,217,3,170,426
5677,171,138,2,170,103
5678,171,181,5,170,281
5679,171,4,1,170,89
5680,171,386,1,170,352
5681,171,407,4,170,44
5682,171,298,3,170,142
5683,171,191,4,170,240
5684,171,258,1,170,6
5685,171,220,2,170,409
5686,171,269,3,170,147
5687,171,415,2,170,417
5688,171,181,1,170,281
5689,171,95,2,170,190
5690,171,115,5,170,126
5691,172,30,2,171,173
5692,172,166,5,171,51
5693,172,175,1,171,415
5694,172,407,5,171,44
5695,172,93,2,171,362
5696,172,406,3,171,95
5697,172,29,2,171,340
5698,172,424,2,171,420
5699,172,382,3,171,71
5700,172,262,4,171,54
5701,172,182,5,171,295
5702,172,210,3,171,289
5703,172,181,2,171,281
5704,172,183,4,171,151
5705,172,43,3,171,91
5706,172,180,3,171,416
5707,172,216,1,171,382
5708,172,245,3,171,245
5709,172,129,4,171,152
5710,172,49,2,171,224
5711,172,325,5,171,246
5712,172,374,2,171,318
5713,172,388,3,171,394
5714,172,22,3,171,325
5715,172,133,3,171,399
5716,172,142,2,171,244
5717,172,39,3,171,390
5718,172,148,2,171,156
5719,172,148,4,171,156
5720,172,134,4,171,76
5721,172,386,3,171,352
5722,173,279,3,172,290
5723,173,154,2,172,8
5724,173,275,1,172,167
5725,173,250,5,172,62
5726,173,109,2,172,214
5727,173,231,4,172,386
5728,173,424,3,172,420
5729,173,225,3,172,192
5730,173,212,1,172,312
5731,173,352,2,172,356
5732,173,333,5,172,316
5733,173,383,2,172,96
5734,173,402,5,172,175
5735,173,239,2,172,265
5736,173,436,3,172,104
5737,173,367,4,172,50
5738,173,318,4,172,279
5739,173,50,2,172,81
5740,173,367,2,172,50
5741,173,123,3,172,366
5742,173,60,1,172,341
5743,173,206,3,172,179
5744,173,77,5,172,160
5745,173,133,1,172,399
5746,173,430,2,172,212
5747,173,118,5,172,63
5748,173,98,1,172,163
5749,173,193,4,172,72
5750,173,177,4,172,242
5751,173,214,4,172,238
5752,173,344,1,172,1
5753,173,234,1,172,205
5754,173,20,4,172,7
5755,173,378,1,172,188
5756,173,434,1,172,109
5757,173,221,2,172,368
5758,173,228,1,172,77
5759,173,320,1,172,424
5760,174,115,2,173,126
5761,174,107,2,173,37
5762,174,207,2,173,262
5763,174,384,5,173,47
5764,174,309,2,173,100
5765,174,391,3,173,115
5766,174,115,1,173,126
5767,174,126,2,173,149
5768,174,183,3,173,151
5769,174,269,5,173,147
5770,174,128,5,173,75
5771,174,148,2,173,156
5772,174,393,2,173,9
5773,174,313,5,173,383
5774,174,398,3,173,140
5775,174,67,1,173,16
5776,174,172,5,173,357
5777,174,346,1,173,120
5778,174,57,3,173,427
5779,174,144,4,173,377
5780,174,17,1,173,56
5781,174,10,1,173,434
5782,174,296,3,173,154
5783,174,79,4,173,393
5784,174,259,3,173,247
5785,174,142,1,173,244
5786,174,207,5,173,262
5787,174,425,3,173,324
5788,174,379,2,173,145
5789,174,210,4,173,289
5790,174,114,2,173,239
5791,174,152,5,173,339
5792,174,108,1,173,321
5793,174,298,5,173,142
5794,175,406,5,174,95
5795,175,149,2,174,217
5796,175,156,2,174,241
5797,175,38,3,174,310
5798,175,42,4,174,200
5799,175,374,3,174,318
5800,175,170,4,174,267
5801,175,96,4,174,249
5802,175,272,3,174,297
5803,175,209,1,174,330
5804,175,328,1,174,25
5805,175,2,1,174,30
5806,175,8,2,174,250
5807,175,396,5,174,248
5808,175,154,2,174,8
5809,175,77,2,174,160
5810,175,71,4,174,234
5811,175,404,5,174,322
5812,175,153,3,174,264
5813,175,312,2,174,5
5814,175,175,3,174,415
5815,175,76,5,174,19
5816,175,52,5,174,235
5817,175,261,5,174,301
5818,175,332,5,174,292
5819,175,196,5,174,176
5820,175,25,3,174,168
5821,175,427,3,174,329
5822,175,10,4,174,434
5823,175,119,1,174,141
5824,175,39,3,174,390
5825,175,123,1,174,366
5826,175,200,3,174,343
5827,175,400,2,174,306
5828,175,367,4,174,50
5829,175,158,3,174,161
5830,176,77,5,175,160
5831,176,350,4,175,433
5832,176,48,1,175,28
5833,176,50,3,175,81
5834,176,253,4,175,184
5835,176,196,3,175,176
5836,176,260,5,175,259
5837,176,126,4,175,149
5838,176,346,1,175,120
5839,176,322,5,175,31
5840,176,375,3,175,294
5841,176,182,4,175,295
5842,176,340,5,175,258
5843,176,132,5,175,273
5844,176,56,1,175,172
5845,176,384,1,175,47
5846,176,264,1,175,182
5847,176,100,5,175,79
5848,176,391,2,175,115
5849,176,59,1,175,253
5850,176,170,5,175,267
5851,176,73,1,175,269
5852,176,75,3,175,202
5853,176,21,5,175,24
5854,176,275,5,175,167
5855,176,48,2,175,28
5856,176,417,1,175,177
5857,176,20,1,175,7
5858,176,396,5,175,248
5859,176,343,1,175,396
5860,177,296,1,176,154
5861,177,274,4,176,227
5862,177,201,5,176,270
5863,177,294,4,176,99
5864,177,158,3,176,161
5865,177,119,1,176,141
5866,177,343,4,176,396
5867,177,28,4,176,181
5868,177,369,2,176,225
5869,177,197,4,176,208
5870,177,66,3,176,345
5871,177,218,1,176,408
5872,177,254,5,176,397
5873,177,336,4,176,15
5874,177,408,3,176,369
5875,177,62,5,176,334
5876,177,244,4,176,335
5877,177,308,3,176,288
5878,177,322,3,176,31
5879,177,173,1,176,166
5880,177,129,4,176,152
5881,177,277,5,176,255
5882,177,241,4,176,328
5883,177,16,5,176,277
5884,177,100,5,176,79
5885,177,423,1,176,355
5886,177,270,3,176,276
5887,177,334,3,176,127
5888,177,244,2,176,335
5889,178,151,5,177,111
5890,178,94,2,177,226
5891,178,368,4,177,122
5892,178,100,4,177,79
5893,178,323,1,177,331
5894,178,160,3,177,363
5895,178,395,3,177,105
5896,178,378,3,177,188
5897,178,127,2,177,221
5898,178,139,1,177,232
5899,178,270,5,177,276
5900,178,156,3,177,241
5901,178,166,1,177,51
5902,178,297,3,177,261
5903,178,45,4,177,165
5904,178,95,5,177,190
5905,178,94,1,177,226
5906,178,145,4,177,194
5907,178,188,5,177,186
5908,178,42,3,177,200
5909,178,336,3,177,15
5910,178,248,3,177,263
5911,178,235,1,177,164
5912,178,231,1,177,386
5913,178,189,4,177,410
5914,178,193,2,177,72
5915,178,79,1,177,393
5916,178,246,5,177,22
5917,178,53,5,177,349
5918,178,416,5,177,187
5919,178,122,3,177,392
5920,178,411,4,177,327
5921,178,410,4,177,143
5922,178,233,2,177,189
5923,178,83,3,177,323
5924,178,168,4,177,196
5925,178,308,1,177,288
5926,178,131,1,177,70
5927,179,426,1,178,48
5928,179,381,4,178,121
5929,179,327,1,178,303
5930,179,274,1,178,227
5931,179,295,3,178,309
5932,179,419,5,178,430
5933,179,210,1,178,289
5934,179,422,2,178,237
5935,179,436,2,178,104
5936,179,397,4,178,114
5937,179,54,3,178,64
5938,179,73,3,178,269
5939,179,251,5,178,359
5940,179,350,2,178,433
5941,179,379,4,178,145
5942,179,145,2,178,194
5943,179,47,4,178,286
5944,179,373,5,178,3
5945,179,219,1,178,128
5946,179,351,4,178,413
5947,179,163,2,178,243
5948,179,406,3,178,95
5949,179,55,3,178,108
5950,179,428,5,178,20
5951,179,407,5,178,44
5952,179,220,4,178,409
5953,179,123,1,178,366
5954,179,260,5,178,259
5955,179,389,1,178,40
5956,179,221,1,178,368
5957,179,55,5,178,108
5958,179,185,2,178,38
5959,179,359,4,178,137
5960,179,5,5,178,2
5961,179,355,2,178,215
5962,179,311,1,178,348
5963,179,62,1,178,334
5964,179,83,5,178,323
5965,179,195,5,178,307
5966,179,73,4,178,269
5967,179,383,4,178,96
5968,179,392,2,178,350
5969,180,75,4,179,202
5970,180,47,3,179,286
5971,180,341,3,179,193
5972,180,388,5,179,394
5973,180,38,4,179,310
5974,180,55,1,179,108
5975,180,78,4,179,35
5976,180,22,5,179,325
5977,180,289,1,179,291
5978,180,327,2,179,303
5979,180,317,1,179,315
5980,180,393,3,179,9
5981,180,106,3,179,411
5982,180,281,4,179,45
5983,180,248,1,179,263
5984,180,133,1,179,399
5985,180,30,3,179,173
5986,180,138,5,179,103
5987,180,415,1,179,417
5988,180,273,2,179,391
5989,180,395,3,179,105
5990,180,297,1,179,261
5991,180,208,3,179,11
5992,180,174,1,179,367
5993,180,38,3,179,310
5994,181,238,5,180,174
5995,181,248,3,180,263
5996,181,137,4,180,332
5997,181,111,2,180,36
5998,181,381,1,180,121
5999,181,278,3,180,320
6000,181,189,1,180,410
6001,181,225,3,180,192
6002,181,236,5,180,199
6003,181,296,5,180,154
6004,181,244,5,180,335
6005,181,57,4,180,427
6006,181,240,1,180,342
6007,181,314,4,180,423
6008,181,66,4,180,345
6009,181,36,1,180,195
6010,181,343,2,180,396
6011,181,271,4,180,431
6012,181,214,2,180,238
6013,181,435,2,180,252
6014,181,408,4,180,369
6015,181,87,2,180,412
6016,181,256,1,180,280
6017,181,8,5,180,250
6018,181,295,4,180,309
6019,181,255,3,180,146
6020,181,381,5,180,121
6021,181,83,1,180,323
6022,181,23,4,180,32
6023,181,427,2,180,329
6024,181,425,2,180,324
6025,181,318,1,180,279
6026,181,331,4,180,185
6027,181,311,5,180,348
6028,181,246,3,180,22
6029,181,195,1,180,307
6030,181,67,2,180,16
6031,182,265,2,181,23
6032,182,414,1,181,272
6033,182,89,5,181,12
6034,182,25,1,181,168
6035,182,80,4,181,293
6036,182,24,3,181,74
6037,182,392,3,181,350
6038,182,266,3,181,130
6039,182,57,2,181,427
6040,182,176,4,181,43
6041,182,437,1,181,41
6042,182,63,4,181,203
6043,182,391,2,181,115
6044,182,16,1,181,277
6045,182,28,3,181,181
6046,182,261,2,181,301
6047,182,366,5,181,338
6048,182,245,1,181,245
6049,182,405,5,181,13
6050,182,355,1,181,215
6051,182,304,4,181,178
6052,182,80,3,181,293
6053,182,255,2,181,146
6054,182,44,3,181,93
6055,182,229,5,181,97
6056,182,45,4,181,165
6057,182,350,4,181,433
6058,182,244,5,181,335
6059,182,152,3,181,339
6060,182,288,2,181,283
6061,182,275,3,181,167
6062,182,404,4,181,322
6063,182,6,2,181,218
6064,182,197,3,181,208
6065,182,372,4,181,346
6066,182,85,1,181,33
6067,182,275,1,181,167
6068,183,432,2,182,314
6069,183,130,5,182,169
6070,183,372,3,182,346
6071,183,5,2,182,2
6072,183,222,4,182,18
6073,183,306,4,182,162
6074,183,136,3,182,319
6075,183,119,3,182,141
6076,183,142,1,182,244
6077,183,186,4,182,216
6078,183,46,1,182,229
6079,183,260,3,182,259
6080,183,199,2,182,282
6081,183,421,1,182,59
6082,183,179,1,182,0
6083,183,279,1,182,290
6084,183,104,3,182,73
6085,183,255,3,182,146
6086,183,313,3,182,383
6087,183,385,1,182,139
6088,183,190,4,182,119
6089,183,383,1,182,96
6090,183,400,1,182,306
6091,183,143,5,182,117
6092,183,241,2,182,328
6093,183,107,5,182,37
6094,183,222,2,182,18
6095,183,300,4,182,106
6096,184,89,3,183,12
6097,184,245,1,183,245
6098,184,186,4,183,216
6099,184,61,5,183,112
6100,184,395,2,183,105
6101,184,150,3,183,219
6102,184,338,2,183,347
6103,184,87,4,183,412
6104,184,36,5,183,195
6105,184,332,2,183,292
6106,184,366,5,183,338
6107,184,26,5,183,274
6108,184,428,1,183,20
6109,184,322,4,183,31
6110,184,369,3,183,225
6111,184,6,5,183,218
6112,184,345,3,183,389
6113,184,87,4,183,412
6114,184,125,1,183,364
6115,184,90,3,183,201
6116,184,282,2,183,385
6117,184,126,1,183,149
6118,184,66,3,183,345
6119,184,11,1,183,220
6120,184,431,2,183,380
6121,184,393,3,183,9
6122,184,428,2,183,20
6123,184,387,3,183,418
6124,184,192,2,183,150
6125,184,252,3,183,271
6126,184,208,4,183,11
6127,184,12,4,183,197
6128,184,269,2,183,147
6129,184,36,5,183,195
6130,184,171,3,183,254
6131,184,103,4,183,10
6132,184,39,4,183,390
6133,184,201,5,183,270
6134,184,198,3,183,80
6135,184,17,2,183,56
6136,184,167,3,183,46
6137,184,226,1,183,211
6138,184,173,3,183,166
6139,184,29,2,183,340
6140,185,33,2,184,66
6141,185,427,4,184,329
6142,185,257,2,184,134
6143,185,291,3,184,379
6144,185,399,4,184,300
6145,185,184,1,184,298
6146,185,123,1,184,366
6147,185,383,5,184,96
6148,185,173,3,184,166
6149,185,150,3,184,219
6150,185,128,4,184,75
6151,185,23,4,184,32
6152,185,218,3,184,408
6153,185,126,5,184,149
6154,185,334,4,184,127
6155,185,90,5,184,201
6156,185,3,1,184,285
6157,185,8,2,184,250
6158,185,318,2,184,279
6159,185,104,1,184,73
6160,185,187,2,184,260
6161,185,106,1,184,411
6162,185,176,1,184,43
6163,185,318,2,184,279
6164,185,285,3,184,404
6165,185,28,5,184,181
6166,185,200,3,184,343
6167,185,401,4,184,373
6168,185,124,2,184,313
6169,185,353,3,184,372
6170,185,31,5,184,159
6171,185,346,2,184,120
6172,185,18,4,184,52
6173,185,144,4,184,377
6174,186,88,1,185,88
6175,186,431,5,185,380
6176,186,348,4,185,86
6177,186,71,4,185,234
6178,186,158,5,185,161
6179,186,138,1,185,103
6180,186,239,5,185,265
6181,186,66,1,185,345
6182,186,76,3,185,19
6183,186,146,5,185,421
6184,186,18,4,185,52
6185,186,127,4,185,221
6186,186,29,2,185,340
6187,186,97,4,185,102
6188,186,413,4,185,39
6189,186,254,3,185,397
6190,186,363,5,185,414
6191,186,334,4,185,127
6192,186,42,4,185,200
6193,186,265,4,185,23
6194,186,73,4,185,269
6195,186,361,2,185,429
6196,186,367,5,185,50
6197,186,174,2,185,367
6198,186,429,2,185,222
6199,186,17,1,185,56
6200,186,220,3,185,409
6201,186,413,1,185,39
6202,186,402,3,185,175
6203,186,382,3,185,71
6204,187,335,4,186,125
6205,187,143,3,186,117
6206,187,258,1,186,6
6207,187,162,3,186,360
6208,187,27,4,186,118
6209,187,437,5,186,41
6210,187,426,2,186,48
6211,187,53,5,186,349
6212,187,73,1,186,269
6213,187,133,3,186,399
6214,187,326,2,186,354
6215,187,399,2,186,300
6216,187,368,3,186,122
6217,187,259,1,186,247
6218,187,284,2,186,206
6219,187,299,3,186,351
6220,187,306,2,186,162
6221,187,290,5,186,98
6222,187,259,3,186,247
6223,187,14,1,186,94
6224,187,210,2,186,289
6225,187,174,1,186,367
6226,187,344,3,186,1
6227,187,225,3,186,192
6228,187,260,2,186,259
6229,187,258,3,186,6
6230,187,106,5,186,411
6231,187,198,2,186,80
6232,187,31,3,186,159
6233,187,417,2,186,177
6234,187,336,4,186,15
6235,187,329,2,186,388
6236,187,1,4,186,400
6237,187,102,3,186,133
6238,187,406,3,186,95
6239,187,226,5,186,211
6240,187,118,3,186,63
6241,187,42,5,186,200
6242,187,297,5,186,261
6243,188,359,4,187,137
6244,188,232,5,187,422
6245,188,132,1,187,273
6246,188,395,3,187,105
6247,188,72,1,187,228
6248,188,179,1,187,0
6249,188,78,2,187,35
6250,188,294,5,187,99
6251,188,203,1,187,231
6252,188,207,3,187,262
6253,188,24,1,187,74
6254,188,394,4,187,419
6255,188,177,3,187,242
6256,188,319,2,187,57
6257,188,294,3,187,99
6258,188,433,1,187,123
6259,188,76,1,187,19
6260,188,167,4,187,46
6261,188,434,1,187,109
6262,188,58,4,187,405
6263,188,146,2,187,421
6264,188,22,3,187,325
6265,188,22,3,187,325
6266,188,118,4,187,63
6267,188,273,1,187,391
6268,188,424,4,187,420
6269,188,298,2,187,142
6270,188,42,1,187,200
6271,188,2,1,187,30
6272,189,201,5,188,270
6273,189,1,5,188,400
6274,189,3,4,188,285
6275,189,50,5,188,81
6276,189,244,3,188,335
6277,189,215,2,188,375
6278,189,331,5,188,185
6279,189,305,3,188,407
6280,189,378,3,188,188
6281,189,187,5,188,260
6282,189,155,5,188,403
6283,189,54,2,188,64
6284,189,212,3,188,312
6285,189,89,1,188,12
6286,189,356,4,188,361
6287,189,173,1,188,166
6288,189,204,2,188,191
6289,189,320,3,188,424
6290,189,277,3,188,255
6291,189,197,4,188,208
6292,189,108,5,188,321
6293,189,328,5,188,25
6294,189,44,3,188,93
6295,189,223,2,188,55
6296,189,227,4,188,67
6297,189,162,1,188,360
6298,189,87,2,188,412
6299,189,267,1,188,171
6300,189,115,5,188,126
6301,189,247,1,188,158
6302,189,173,3,188,166
6303,189,64,4,188,132
6304,189,407,5,188,44
6305,189,302,4,188,27
6306,190,246,3,189,22
6307,190,166,4,189,51
6308,190,222,5,189,18
6309,190,120,5,189,381
6310,190,63,5,189,203
6311,190,220,3,189,409
6312,190,238,4,189,174
6313,190,210,5,189,289
6314,190,398,4,189,140
6315,190,309,2,189,100
6316,190,208,4,189,11
6317,190,319,5,189,57
6318,190,382,2,189,71
6319,190,62,2,189,334
6320,190,78,2,189,35
6321,190,346,2,189,120
6322,190,184,5,189,298
6323,190,170,1,189,267
6324,190,65,3,189,230
6325,190,275,1,189,167
6326,190,140,3,189,436
6327,190,105,2,189,42
6328,190,345,5,189,389
6329,190,418,1,189,304
6330,190,3,1,189,285
6331,190,89,5,189,12
6332,190,418,3,189,304
6333,190,75,1,189,202
6334,190,225,1,189,192
6335,190,36,4,189,195
6336,190,124,1,189,313
6337,191,374,5,190,318
6338,191,178,3,190,129
6339,191,181,1,190,281
6340,191,403,2,190,183
6341,191,239,5,190,265
6342,191,178,5,190,129
6343,191,159,1,190,113
6344,191,372,4,190,346
6345,191,368,1,190,122
6346,191,321,5,190,53
6347,191,358,3,190,371
6348,191,200,4,190,343
6349,191,83,2,190,323
6350,191,310,5,190,58
6351,191,49,2,190,224
6352,191,391,3,190,115
6353,191,398,2,190,140
6354,191,400,1,190,306
6355,191,344,1,190,1
6356,191,222,1,190,18
6357,191,38,5,190,310
6358,191,25,3,190,168
6359,191,106,4,190,411
6360,191,385,2,190,139
6361,191,432,4,190,314
6362,191,274,3,190,227
6363,191,412,3,190,296
6364,192,437,2,191,41
6365,192,251,3,191,359
6366,192,318,3,191,279
6367,192,45,2,191,165
6368,192,306,1,191,162
6369,192,197,1,191,208
6370,192,288,1,191,283
6371,192,187,5,191,260
6372,192,355,5,191,215
6373,192,179,4,191,0
6374,192,180,4,191,416
6375,192,221,4,191,368
6376,192,155,1,191,403
6377,192,101,2,191,4
6378,192,354,1,191,401
6379,192,403,1,191,183
6380,192,317,2,191,315
6381,192,36,1,191,195
6382,192,372,3,191,346
6383,192,33,5,191,66
6384,192,39,1,191,390
6385,192,63,3,191,203
6386,192,333,4,191,316
6387,192,364,5,191,374
6388,192,19,5,191,278
6389,192,263,5,191,370
6390,192,150,2,191,219
6391,192,426,4,191,48
6392,192,107,2,191,37
6393,192,114,4,191,239
6394,192,227,2,191,67
6395,192,155,4,191,403
6396,192,370,3,191,432
6397,192,116,3,191,136
6398,192,154,5,191,8
6399,192,115,1,191,126
6400,193,210,1,192,289
6401,193,216,5,192,382
6402,193,158,4,192,161
6403,193,133,2,192,399
6404,193,48,2,192,28
6405,193,50,1,192,81
6406,193,356,2,192,361
6407,193,217,3,192,426
6408,193,58,2,192,405
6409,193,307,1,192,26
6410,193,173,5,192,166
6411,193,395,4,192,105
6412,193,47,2,192,286
6413,193,50,1,192,81
6414,193,365,1,192,257
6415,193,141,4,192,233
6416,193,366,1,192,338
6417,193,425,2,192,324
6418,193,79,4,192,393
6419,193,425,3,192,324
6420,193,358,4,192,371
6421,193,109,3,192,214
6422,193,369,4,192,225
6423,193,69,2,192,406
6424,193,322,2,192,31
6425,193,400,5,192,306
6426,193,428,5,192,20
6427,193,61,3,192,112
6428,193,142,5,192,244
6429,193,21,2,192,24
6430,193,202,3,192,60
6431,193,88,4,192,88
6432,194,367,5,193,50
6433,194,44,5,193,93
6434,194,263,4,193,370
6435,194,34,2,193,308
6436,194,154,4,193,8
6437,194,116,3,193,136
6438,194,258,1,193,6
6439,194,177,3,193,242
6440,194,164,5,193,170
6441,194,431,5,193,380
6442,194,420,4,193,124
6443,194,386,1,193,352
6444,194,204,1,193,191
6445,194,315,1,193,333
6446,194,226,1,193,211
6447,194,55,4,193,108
6448,194,106,1,193,411
6449,194,426,2,193,48
6450,194,312,5,193,5
6451,194,11,1,193,220
6452,194,253,5,193,184
6453,194,229,4,193,97
6454,194,15,3,193,21
6455,194,244,3,193,335
6456,194,369,4,193,225
6457,194,187,1,193,260
6458,194,297,1,193,261
6459,194,260,5,193,259
6460,194,340,2,193,258
6461,194,76,2,193,19
6462,194,370,5,193,432
6463,194,109,5,193,214
6464,194,404,1,193,322
6465,194,342,5,193,256
6466,194,380,2,193,395
6467,194,307,1,193,26
6468,194,276,2,193,425
6469,194,115,4,193,126
6470,194,348,1,193,86
6471,194,91,5,193,92
6472,195,102,3,194,133
6473,195,46,3,194,229
6474,195,149,1,194,217
6475,195,115,2,194,126
6476,195,204,4,194,191
6477,195,355,2,194,215
6478,195,290,3,194,98
6479,195,197,2,194,208
6480,195,36,3,194,195
6481,195,321,3,194,53
6482,195,90,4,194,201
6483,195,248,4,194,263
6484,195,135,3,194,336
6485,195,181,3,194,281
6486,195,245,5,194,245
6487,195,8,4,194,250
6488,195,68,3,194,107
6489,195,364,1,194,374
6490,195,212,3,194,312
6491,195,137,4,194,332
6492,195,191,1,194,240
6493,195,316,2,194,365
6494,195,92,5,194,131
6495,195,331,1,194,185
6496,195,53,1,194,349
6497,195,433,1,194,123
6498,195,294,4,194,99
6499,195,12,1,194,197
6500,195,339,1,194,209
6501,195,8,5,194,250
6502,195,262,1,194,54
6503,195,187,4,194,260
6504,195,399,4,194,300
6505,195,98,5,194,163
6506,195,81,5,194,317
6507,195,23,2,194,32
6508,195,249,5,194,69
6509,195,352,2,194,356
6510,195,344,2,194,1
6511,195,408,3,194,369
6512,196,316,3,195,365
6513,196,7,2,195,435
6514,196,19,2,195,278
6515,196,239,3,195,265
6516,196,22,5,195,325
6517,196,319,3,195,57
6518,196,402,5,195,175
6519,196,318,3,195,279
6520,196,36,4,195,195
6521,196,91,2,195,92
6522,196,216,5,195,382
6523,196,49,2,195,224
6524,196,24,4,195,74
6525,196,112,5,195,302
6526,196,281,2,195,45
6527,196,304,1,195,178
6528,196,251,5,195,359
6529,196,398,2,195,140
6530,196,177,5,195,242
6531,196,27,1,195,118
6532,196,352,5,195,356
6533,196,387,5,195,418
6534,196,233,2,195,189
6535,196,24,4,195,74
6536,196,13,1,195,157
6537,196,336,2,195,15
6538,196,271,2,195,431
6539,196,185,1,195,38
6540,196,125,4,195,364
6541,196,380,1,195,395
6542,197,99,4,196,155
6543,197,38,1,196,310
6544,197,125,1,196,364
6545,197,82,4,196,85
6546,197,284,3,196,206
6547,197,66,3,196,345
6548,197,423,5,196,355
6549,197,295,2,196,309
6550,197,142,5,196,244
6551,197,331,1,196,185
6552,197,368,3,196,122
6553,197,177,2,196,242
6554,197,151,3,196,111
6555,197,93,1,196,362
6556,197,343,2,196,396
6557,197,300,5,196,106
6558,197,137,1,196,332
6559,197,214,5,196,238
6560,197,429,5,196,222
6561,197,222,4,196,18
6562,197,198,5,196,80
6563,197,203,4,196,231
6564,197,268,3,196,83
6565,197,383,2,196,96
6566,197,16,4,196,277
6567,197,299,5,196,351
6568,198,89,5,197,12
6569,198,335,1,197,125
6570,198,80,2,197,293
6571,198,222,3,197,18
6572,198,302,3,197,27
6573,198,197,4,197,208
6574,198,208,4,197,11
6575,198,338,3,197,347
6576,198,25,2,197,168
6577,198,385,3,197,139
6578,198,97,5,197,102
6579,198,411,2,197,327
6580,198,294,2,197,99
6581,198,297,3,197,261
6582,198,381,5,197,121
6583,198,365,4,197,257
6584,198,294,3,197,99
6585,198,13,3,197,157
6586,198,337,3,197,353
6587,198,297,2,197,261
6588,198,134,3,197,76
6589,198,187,5,197,260
6590,198,191,2,197,240
6591,198,49,1,197,224
6592,198,274,1,197,227
6593,198,356,2,197,361
6594,198,247,1,197,158
6595,198,125,1,197,364
6596,198,402,2,197,175
6597,198,45,3,197,165
6598,198,91,3,197,92
6599,198,408,3,197,369
6600,198,398,4,197,140
6601,198,201,3,197,270
6602,198,436,1,197,104
6603,198,208,5,197,11
6604,198,75,2,197,202
6605,198,12,1,197,197
6606,198,339,5,197,209
6607,198,399,4,197,300
6608,198,61,4,197,112
6609,199,401,4,198,373
6610,199,314,3,198,423
6611,199,94,5,198,226
6612,199,343,4,198,396
6613,199,204,3,198,191
6614,199,405,2,198,13
6615,199,165,3,198,311
6616,199,135,3,198,336
6617,199,298,3,198,142
6618,199,170,2,198,267
6619,199,47,4,198,286
6620,199,93,3,198,362
6621,199,341,5,198,193
6622,199,213,1,198,148
6623,199,185,2,198,38
6624,199,292,4,198,17
6625,199,209,1,198,330
6626,199,207,5,198,262
6627,199,427,2,198,329
6628,199,197,3,198,208
6629,199,209,2,198,330
6630,199,368,4,198,122
6631,199,38,3,198,310
6632,199,251,3,198,359
6633,199,73,3,198,269
6634,199,87,4,198,412
6635,199,363,1,198,414
6636,199,189,1,198,410
6637,199,56,1,198,172
6638,199,410,4,198,143
6639,200,199,3,199,282
6640,200,166,5,199,51
6641,200,207,2,199,262
6642,200,43,2,199,91
6643,200,277,1,199,255
6644,200,329,1,199,388
6645,200,165,2,199,311
6646,200,337,2,199,353
6647,200,332,2,199,292
6648,200,309,1,199,100
6649,200,184,2,199,298
6650,200,335,3,199,125
6651,200,243,4,199,135
6652,200,279,4,199,290
6653,200,247,4,199,158
6654,200,281,1,199,45
6655,200,336,3,199,15
6656,200,296,1,199,154
6657,200,245,3,199,245
6658,200,323,4,199,331
6659,200,273,4,199,391
6660,200,170,2,199,267
6661,200,294,1,199,99
6662,200,299,5,199,351
6663,200,437,2,199,41
6664,200,405,5,199,13
6665,200,167,4,199,46
6666,200,265,1,199,23
6667,200,426,2,199,48
6668,200,328,3,199,25
6669,200,258,5,199,6
6670,200,191,1,199,240
6671,200,259,5,199,247
6672,200,226,4,199,211
6673,200,220,5,199,409
6674,200,355,2,199,215
6675,200,39,4,199,390
6676,200,401,3,199,373
6677,200,417,2,199,177
6678,201,217,5,200,426
6679,201,374,5,200,318
6680,201,8,5,200,250
6681,201,225,3,200,192
6682,201,314,3,200,423
6683,201,315,3,200,333
6684,201,58,4,200,405
6685,201,7,3,200,435
6686,201,218,3,200,408
6687,201,352,2,200,356
6688,201,180,3,200,416
6689,201,250,3,200,62
6690,201,386,2,200,352
6691,201,200,2,200,343
6692,201,30,2,200,173
6693,201,133,3,200,399
6694,201,418,5,200,304
6695,201,110,5,200,376
6696,201,261,2,200,301
6697,201,57,4,200,427
6698,201,289,5,200,291
6699,201,9,1,200,110
6700,201,212,2,200,312
6701,201,34,2,200,308
6702,201,321,5,200,53
6703,201,101,2,200,4
6704,201,260,2,200,259
6705,201,174,3,200,367
6706,201,236,5,200,199
6707,201,361,1,200,429
6708,201,366,4,200,338
6709,201,333,4,200,316
6710,201,68,2,200,107
6711,201,353,5,200,372
6712,201,354,1,200,401
6713,201,177,3,200,242
6714,202,372,2,201,346
6715,202,171,4,201,254
6716,202,348,4,201,86
6717,202,398,5,201,140
6718,202,14,4,201,94
6719,202,266,1,201,130
6720,202,381,5,201,121
6721,202,338,2,201,347
6722,202,326,4,201,354
6723,202,256,4,201,280
6724,202,397,1,201,114
6725,202,174,4,201,367
6726,202,60,3,201,341
6727,202,244,4,201,335
6728,202,419,1,201,430
6729,202,257,5,201,134
6730,202,260,2,201,259
6731,202,370,2,201,432
6732,202,361,5,201,429
6733,202,365,3,201,257
6734,202,381,1,201,121
6735,202,303,5,201,153
6736,202,277,1,201,255
6737,202,403,5,201,183
6738,202,81,1,201,317
6739,202,360,5,201,266
6740,202,369,5,201,225
6741,202,200,3,201,343
6742,202,65,1,201,230
6743,202,26,2,201,274
6744,202,237,4,201,78
6745,202,415,2,201,417
6746,202,164,5,201,170
6747,202,51,5,201,428
6748,202,289,2,201,291
6749,203,424,1,202,420
6750,203,351,4,202,413
6751,203,437,3,202,41
6752,203,248,5,202,263
6753,203,313,1,202,383
6754,203,43,3,202,91
6755,203,2,3,202,30
6756,203,267,2,202,171
6757,203,35,2,202,210
6758,203,424,5,202,420
6759,203,178,5,202,129
6760,203,104,2,202,73
6761,203,401,4,202,373
6762,203,375,5,202,294
6763,203,177,3,202,242
6764,203,351,2,202,413
6765,203,309,1,202,100
6766,203,127,2,202,221
6767,203,306,5,202,162
6768,203,229,2,202,97
6769,203,158,2,202,161
6770,203,46,3,202,229
6771,203,178,5,202,129
6772,203,381,3,202,121
6773,203,53,4,202,349
6774,203,385,3,202,139
6775,203,274,2,202,227
6776,203,128,4,202,75
6777,203,396,2,202,248
6778,203,66,2,202,345
6779,204,63,3,203,203
6780,204,139,3,203,232
6781,204,211,4,203,180
6782,204,179,2,203,0
6783,204,65,2,203,230
6784,204,29,3,203,340
6785,204,14,4,203,94
6786,204,223,2,203,55
6787,204,367,5,203,50
6788,204,265,2,203,23
6789,204,233,4,203,189
6790,204,322,5,203,31
6791,204,428,1,203,20
6792,204,374,3,203,318
6793,204,170,3,203,267
6794,204,348,3,203,86
6795,204,126,5,203,149
6796,204,234,1,203,205
6797,204,177,3,203,242
6798,204,405,3,203,13
6799,204,252,1,203,271
6800,204,88,4,203,88
6801,204,419,5,203,430
6802,204,265,3,203,23
6803,204,54,1,203,64
6804,204,226,1,203,211
6805,204,365,5,203,257
6806,204,283,1,203,61
6807,204,280,4,203,198
6808,204,317,2,203,315
6809,204,284,4,203,206
6810,204,434,2,203,109
6811,204,266,4,203,130
6812,204,347,5,203,275
6813,204,89,2,203,12
6814,204,91,3,203,92
6815,204,177,3,203,242
6816,205,340,4,204,258
6817,205,213,3,204,148
6818,205,201,2,204,270
6819,205,367,5,204,50
6820,205,323,3,204,331
6821,205,82,3,204,85
6822,205,341,2,204,193
6823,205,128,2,204,75
6824,205,12,4,204,197
6825,205,323,3,204,331
6826,205,253,3,204,184
6827,205,233,4,204,189
6828,205,325,2,204,246
6829,205,4,2,204,89
6830,205,236,5,204,199
6831,205,315,4,204,333
6832,205,25,1,204,168
6833,205,252,4,204,271
6834,205,298,2,204,142
6835,205,376,1,204,82
6836,205,156,5,204,241
6837,205,219,4,204,128
6838,205,341,5,204,193
6839,205,47,4,204,286
6840,205,138,4,204,103
6841,206,72,4,205,228
6842,206,96,1,205,249
6843,206,423,2,205,355
6844,206,301,4,205,116
6845,206,210,1,205,289
6846,206,113,5,205,299
6847,206,171,3,205,254
6848,206,430,1,205,212
6849,206,118,1,205,63
6850,206,307,1,205,26
6851,206,56,2,205,172
6852,206,93,3,205,362
6853,206,80,3,205,293
6854,206,122,5,205,392
6855,206,266,5,205,130
6856,206,266,4,205,130
6857,206,333,3,205,316
6858,206,163,4,205,243
6859,206,299,2,205,351
6860,206,218,3,205,408
6861,206,322,5,205,31
6862,206,129,3,205,152
6863,206,139,5,205,232
6864,206,259,2,205,247
6865,206,269,2,205,147
6866,206,3,1,205,285
6867,206,99,1,205,155
6868,206,228,5,205,77
6869,206,400,3,205,306
6870,206,22,1,205,325
6871,206,416,2,205,187
6872,206,363,3,205,414
6873,206,123,5,205,366
6874,206,200,5,205,343
6875,206,297,4,205,261
6876,206,240,4,205,342
6877,206,285,4,205,404
6878,206,235,5,205,164
6879,206,152,1,205,339
6880,206,57,3,205,427
6881,207,235,4,206,164
6882,207,387,5,206,418
6883,207,88,2,206,88
6884,207,343,5,206,396
6885,207,26,4,206,274
6886,207,112,3,206,302
6887,207,35,5,206,210
6888,207,88,5,206,88
6889,207,79,3,206,393
6890,207,339,2,206,209
6891,207,43,2,206,91
6892,207,102,1,206,133
6893,207,418,3,206,304
6894,207,260,1,206,259
6895,207,136,5,206,319
6896,207,144,2,206,377
6897,207,79,4,206,393
6898,207,71,4,206,234
6899,207,73,1,206,269
6900,207,220,2,206,409
6901,207,45,2,206,165
6902,207,136,2,206,319
6903,207,125,5,206,364
6904,207,18,3,206,52
6905,207,61,1,206,112
6906,207,300,2,206,106
6907,207,61,5,206,112
6908,207,220,4,206,409
6909,208,298,1,207,142
6910,208,174,4,207,367
6911,208,315,1,207,333
6912,208,159,4,207,113
6913,208,87,5,207,412
6914,208,178,4,207,129
6915,208,74,4,207,101
6916,208,88,1,207,88
6917,208,313,4,207,383
6918,208,377,5,207,90
6919,208,289,1,207,291
6920,208,217,3,207,426
6921,208,326,3,207,354
6922,208,212,4,207,312
6923,208,222,4,207,18
6924,208,431,2,207,380
6925,208,195,1,207,307
6926,208,74,2,207,101
6927,208,265,4,207,23
6928,208,429,5,207,222
6929,208,222,1,207,18
6930,208,62,5,207,334
6931,208,364,4,207,374
6932,208,102,2,207,133
6933,208,386,4,207,352
6934,208,168,1,207,196
6935,208,413,1,207,39
6936,208,308,4,207,288
6937,208,409,5,207,87
6938,208,241,2,207,328
6939,208,380,4,207,395
6940,208,57,4,207,427
6941,208,20,5,207,7
6942,208,119,3,207,141
6943,208,437,5,207,41
6944,208,137,4,207,332
6945,208,429,4,207,222
6946,208,234,4,207,205
6947,209,114,4,208,239
6948,209,395,5,208,105
6949,209,264,4,208,182
6950,209,386,5,208,352
6951,209,114,5,208,239
6952,209,381,5,208,121
6953,209,261,5,208,301
6954,209,98,1,208,163
6955,209,364,5,208,374
6956,209,401,4,208,373
6957,209,399,2,208,300
6958,209,174,1,208,367
6959,209,242,1,208,84
6960,209,374,2,208,318
6961,209,274,1,208,227
6962,209,36,4,208,195
6963,209,312,3,208,5
6964,209,170,4,208,267
6965,209,305,1,208,407
6966,209,96,1,208,249
6967,209,113,3,208,299
6968,209,343,1,208,396
6969,209,395,3,208,105
6970,209,398,5,208,140
6971,209,414,1,208,272
6972,209,267,4,208,171
6973,209,380,1,208,395
6974,209,278,5,208,320
6975,209,358,4,208,371
6976,210,56,3,209,172
6977,210,306,1,209,162
6978,210,337,4,209,353
6979,210,245,1,209,245
6980,210,417,3,209,177
6981,210,77,1,209,160
6982,210,231,4,209,386
6983,210,61,3,209,112
6984,210,107,1,209,37
6985,210,376,2,209,82
6986,210,407,3,209,44
6987,210,101,1,209,4
6988,210,28,4,209,181
6989,210,326,2,209,354
6990,210,394,1,209,419
6991,210,285,2,209,404
6992,210,225,4,209,192
6993,210,123,5,209,366
6994,210,109,3,209,214
6995,210,435,1,209,252
6996,210,424,5,209,420
6997,210,303,5,209,153
6998,210,122,4,209,392
6999,210,37,2,209,213
7000,210,406,2,209,95
7001,210,234,3,209,205
7002,210,275,2,209,167
7003,210,304,3,209,178
7004,210,36,3,209,195
7005,210,136,1,209,319
7006,210,94,5,209,226
7007,210,123,3,209,366
7008,211,335,4,210,125
7009,211,356,1,210,361
7010,211,202,5,210,60
7011,211,9,3,210,110
7012,211,105,2,210,42
7013,211,259,3,210,247
7014,211,188,2,210,186
7015,211,249,2,210,69
7016,211,74,2,210,101
7017,211,226,3,210,211
7018,211,76,2,210,19
7019,211,182,2,210,295
7020,211,144,4,210,377
7021,211,18,4,210,52
7022,211,162,4,210,360
7023,211,224,4,210,144
7024,211,304,2,210,178
7025,211,43,2,210,91
7026,211,125,5,210,364
7027,211,87,2,210,412
7028,211,49,5,210,224
7029,211,13,2,210,157
7030,211,84,4,210,305
7031,211,37,5,210,213
7032,211,80,1,210,293
7033,211,31,5,210,159
7034,211,281,3,210,45
7035,211,266,2,210,130
7036,212,124,3,211,313
7037,212,93,4,211,362
7038,212,192,1,211,150
7039,212,248,3,211,263
7040,212,231,4,211,386
7041,212,100,5,211,79
7042,212,290,3,211,98
7043,212,302,4,211,27
7044,212,399,4,211,300
7045,212,293,1,211,236
7046,212,406,4,211,95
7047,212,321,5,211,53
7048,212,81,1,211,317
7049,212,219,3,211,128
7050,212,360,1,211,266
7051,212,95,4,211,190
7052,212,331,3,211,185
7053,212,371,3,211,34
7054,212,285,5,211,404
7055,212,38,4,211,310
7056,212,201,3,211,270
7057,212,5,3,211,2
7058,212,305,1,211,407
7059,212,16,1,211,277
7060,212,68,3,211,107
7061,212,209,3,211,330
7062,212,281,4,211,45
7063,212,109,1,211,214
7064,212,426,5,211,48
7065,212,100,3,211,79
7066,212,111,5,211,36
7067,212,239,1,211,265
7068,212,192,4,211,150
7069,212,425,1,211,324
7070,212,66,1,211,345
7071,212,334,5,211,127
7072,212,370,5,211,432
7073,212,140,4,211,436
7074,213,115,5,212,126
7075,213,100,2,212,79
7076,213,34,3,212,308
7077,213,35,3,212,210
7078,213,259,1,212,247
7079,213,385,5,212,139
7080,213,180,5,212,416
7081,213,26,3,212,274
7082,213,437,4,212,41
7083,213,169,4,212,337
7084,213,11,2,212,220
7085,213,308,3,212,288
7086,213,35,4,212,210
7087,213,54,5,212,64
7088,213,268,5,212,83
7089,213,401,4,212,373
7090,213,257,2,212,134
7091,213,237,3,212,78
7092,213,418,2,212,304
7093,213,97,4,212,102
7094,213,227,5,212,67
7095,213,300,2,212,106
7096,213,146,3,212,421
7097,213,80,5,212,293
7098,213,298,1,212,142
7099,213,74,2,212,101
7100,213,162,1,212,360
7101,213,303,2,212,153
7102,213,249,2,212,69
7103,213,418,2,212,304
7104,214,136,5,213,319
7105,214,104,1,213,73
7106,214,146,3,213,421
7107,214,280,2,213,198
7108,214,323,4,213,331
7109,214,347,1,213,275
7110,214,428,1,213,20
7111,214,318,5,213,279
7112,214,177,4,213,242
7113,214,156,3,213,241
7114,214,99,3,213,155
7115,214,285,2,213,404
7116,214,89,2,213,12
7117,214,164,2,213,170
7118,214,25,3,213,168
7119,214,386,4,213,352
7120,214,158,3,213,161
7121,214,268,5,213,83
7122,214,285,5,213,404
7123,214,195,3,213,307
7124,214,204,2,213,191
7125,214,416,3,213,187
7126,214,134,5,213,76
7127,214,279,3,213,290
7128,214,160,4,213,363
7129,214,351,3,213,413
7130,214,379,5,213,145
7131,214,265,3,213,23
7132,214,391,5,213,115
7133,214,247,2,213,158
7134,214,215,2,213,375
7135,214,252,4,213,271
7136,214,425,3,213,324
7137,215,201,2,214,270
7138,215,328,2,214,25
7139,215,123,3,214,366
7140,215,435,4,214,252
7141,215,349,2,214,326
7142,215,291,4,214,379
7143,215,49,3,214,224
7144,215,109,4,214,214
7145,215,144,5,214,377
7146,215,382,3,214,71
7147,215,17,2,214,56
7148,215,332,5,214,292
7149,215,386,4,214,352
7150,215,389,2,214,40
7151,215,50,1,214,81
7152,215,100,5,214,79
7153,215,413,2,214,39
7154,215,182,2,214,295
7155,215,343,3,214,396
7156,215,235,5,214,164
7157,215,78,1,214,35
7158,215,322,3,214,31
7159,215,335,5,214,125
7160,215,426,1,214,48
7161,215,56,4,214,172
7162,215,230,2,214,207
7163,215,181,4,214,281
7164,215,193,3,214,72
7165,215,220,4,214,409
7166,215,331,4,214,185
7167,215,431,2,214,380
7168,216,377,4,215,90
7169,216,248,5,215,263
7170,216,26,2,215,274
7171,216,42,3,215,200
7172,216,207,2,215,262
7173,216,12,5,215,197
7174,216,223,3,215,55
7175,216,395,2,215,105
7176,216,397,5,215,114
7177,216,351,2,215,413
7178,216,360,4,215,266
7179,216,184,5,215,298
7180,216,355,4,215,215
7181,216,331,3,215,185
7182,216,382,5,215,71
7183,216,110,4,215,376
7184,216,90,5,215,201
7185,216,106,4,215,411
7186,216,316,1,215,365
7187,216,346,2,215,120
7188,216,435,1,215,252
7189,216,357,4,215,268
7190,216,299,1,215,351
7191,216,297,1,215,261
7192,216,363,4,215,414
7193,216,43,4,215,91
7194,216,193,3,215,72
7195,216,324,1,215,387
7196,216,413,4,215,39
7197,216,17,2,215,56
7198,216,414,1,215,272
7199,216,140,4,215,436
7200,216,346,5,215,120
7201,216,133,1,215,399
7202,216,258,3,215,6
7203,217,54,3,216,64
7204,217,12,4,216,197
7205,217,252,2,216,271
7206,217,80,5,216,293
7207,217,64,1,216,132
7208,217,362,4,216,251
7209,217,363,3,216,414
7210,217,178,2,216,129
7211,217,147,2,216,29
7212,217,278,2,216,320
7213,217,246,5,216,22
7214,217,271,4,216,431
7215,217,394,3,216,419
7216,217,76,1,216,19
7217,217,430,5,216,212
7218,217,208,3,216,11
7219,217,437,1,216,41
7220,217,420,4,216,124
7221,217,2,3,216,30
7222,217,132,1,216,273
7223,217,309,2,216,100
7224,217,268,1,216,83
7225,217,236,2,216,199
7226,217,14,2,216,94
7227,217,338,3,216,347
7228,217,421,1,216,59
7229,217,197,5,216,208
7230,217,153,5,216,264
7231,217,253,3,216,184
7232,217,165,1,216,311
7233,217,375,1,216,294
7234,218,356,2,217,361
7235,218,106,3,217,411
7236,218,298,4,217,142
7237,218,63,3,217,203
7238,218,406,1,217,95
7239,218,202,5,217,60
7240,218,339,1,217,209
7241,218,140,4,217,436
7242,218,250,3,217,62
7243,218,18,4,217,52
7244,218,181,1,217,281
7245,218,282,1,217,385
7246,218,282,3,217,385
7247,218,238,1,217,174
7248,218,246,2,217,22
7249,218,311,1,217,348
7250,218,273,5,217,391
7251,218,274,2,217,227
7252,218,178,5,217,129
7253,218,76,4,217,19
7254,218,187,4,217,260
7255,218,409,1,217,87
7256,218,200,5,217,343
7257,218,173,2,217,166
7258,218,59,1,217,253
7259,218,181,4,217,281
7260,218,25,1,217,168
7261,218,70,2,217,65
7262,218,73,1,217,269
7263,219,422,4,218,237
7264,219,146,2,218,421
7265,219,181,5,218,281
7266,219,424,1,218,420
7267,219,72,4,218,228
7268,219,357,3,218,268
7269,219,323,1,218,331
7270,219,258,2,218,6
7271,219,312,5,218,5
7272,219,414,3,218,272
7273,219,381,4,218,121
7274,219,137,1,218,332
7275,219,358,2,218,371
7276,219,111,3,218,36
7277,219,70,2,218,65
7278,219,86,1,218,68
7279,219,221,1,218,368
7280,219,111,3,218,36
7281,219,89,2,218,12
7282,219,177,5,218,242
7283,219,84,5,218,305
7284,219,431,3,218,380
7285,219,171,3,218,254
7286,219,100,2,218,79
7287,219,208,2,218,11
7288,219,307,3,218,26
7289,219,91,4,218,92
7290,219,31,5,218,159
7291,219,98,5,218,163
7292,220,191,2,219,240
7293,220,160,3,219,363
7294,220,423,2,219,355
7295,220,211,4,219,180
7296,220,4,4,219,89
7297,220,416,1,219,187
7298,220,400,1,219,306
7299,220,300,3,219,106
7300,220,271,1,219,431
7301,220,270,4,219,276
7302,220,383,3,219,96
7303,220,395,2,219,105
7304,220,136,5,219,319
7305,220,391,1,219,115
7306,220,154,5,219,8
7307,220,240,2,219,342
7308,220,187,2,219,260
7309,220,139,1,219,232
7310,220,152,2,219,339
7311,220,75,1,219,202
7312,220,330,1,219,284
7313,220,388,3,219,394
7314,220,363,1,219,414
7315,220,171,5,219,254
7316,220,40,5,219,378
7317,220,402,3,219,175
7318,220,39,4,219,390
7319,220,3,1,219,285
7320,220,372,2,219,346
7321,220,369,3,219,225
7322,221,412,4,220,296
7323,221,261,1,220,301
7324,221,357,3,220,268
7325,221,406,3,220,95
7326,221,176,3,220,43
7327,221,333,3,220,316
7328,221,71,1,220,234
7329,221,118,3,220,63
7330,221,110,4,220,376
7331,221,80,4,220,293
7332,221,337,2,220,353
7333,221,221,5,220,368
7334,221,387,4,220,418
7335,221,142,1,220,244
7336,221,91,4,220,92
7337,221,422,4,220,237
7338,221,26,2,220,274
7339,221,220,1,220,409
7340,221,386,1,220,352
7341,221,399,3,220,300
7342,221,138,5,220,103
7343,221,196,2,220,176
7344,221,262,5,220,54
7345,221,227,4,220,67
7346,221,189,1,220,410
7347,221,95,2,220,190
7348,221,76,2,220,19
7349,221,21,4,220,24
7350,222,334,5,221,127
7351,222,235,5,221,164
7352,222,347,2,221,275
7353,222,211,3,221,180
7354,222,80,5,221,293
7355,222,89,1,221,12
7356,222,248,5,221,263
7357,222,225,2,221,192
7358,222,70,4,221,65
7359,222,75,3,221,202
7360,222,8,1,221,250
7361,222,134,4,221,76
7362,222,298,4,221,142
7363,222,154,4,221,8
7364,222,169,5,221,337
7365,222,12,4,221,197
7366,222,382,2,221,71
7367,222,420,1,221,124
7368,222,89,2,221,12
7369,222,186,3,221,216
7370,222,277,4,221,255
7371,222,183,1,221,151
7372,222,437,2,221,41
7373,222,35,4,221,210
7374,222,25,1,221,168
7375,222,216,4,221,382
7376,222,5,4,221,2
7377,222,43,1,221,91
7378,222,104,2,221,73
7379,222,144,1,221,377
7380,222,138,5,221,103
7381,222,71,2,221,234
7382,222,336,1,221,15
7383,222,194,2,221,223
7384,222,127,4,221,221
7385,223,371,5,222,34
7386,223,160,5,222,363
7387,223,292,1,222,17
7388,223,36,3,222,195
7389,223,426,3,222,48
7390,223,75,2,222,202
7391,223,62,1,222,334
7392,223,233,5,222,189
7393,223,289,5,222,291
7394,223,275,1,222,167
7395,223,97,4,222,102
7396,223,95,4,222,190
7397,223,181,5,222,281
7398,223,124,2,222,313
7399,223,66,2,222,345
7400,223,78,1,222,35
7401,223,107,5,222,37
7402,223,231,3,222,386
7403,223,347,2,222,275
7404,223,262,1,222,54
7405,223,132,2,222,273
7406,223,41,4,222,14
7407,223,290,3,222,98
7408,223,358,4,222,371
7409,223,11,4,222,220
7410,223,12,1,222,197
7411,223,296,2,222,154
7412,223,19,5,222,278
7413,223,35,2,222,210
7414,223,13,4,222,157
7415,223,327,3,222,303
7416,223,299,3,222,351
7417,223,299,5,222,351
7418,223,106,3,222,411
7419,223,222,1,222,18
7420,223,181,4,222,281
7421,224,433,4,223,123
7422,224,30,5,223,173
7423,224,334,5,223,127
7424,224,414,3,223,272
7425,224,174,4,223,367
7426,224,42,4,223,200
7427,224,169,5,223,337
7428,224,35,4,223,210
7429,224,202,1,223,60
7430,224,436,1,223,104
7431,224,211,5,223,180
7432,224,299,4,223,351
7433,224,56,3,223,172
7434,224,55,4,223,108
7435,224,201,2,223,270
7436,224,80,3,223,293
7437,224,298,1,223,142
7438,224,261,4,223,301
7439,224,325,5,223,246
7440,224,268,2,223,83
7441,224,236,3,223,199
7442,224,354,5,223,401
7443,224,164,1,223,170
7444,224,172,2,223,357
7445,224,271,2,223,431
7446,224,338,3,223,347
7447,224,283,3,223,61
7448,224,387,3,223,418
7449,224,213,3,223,148
7450,224,25,1,223,168
7451,224,139,5,223,232
7452,224,66,3,223,345
7453,224,421,3,223,59
7454,224,392,2,223,350
7455,224,275,3,223,167
7456,224,243,4,223,135
7457,224,42,1,223,200
7458,225,342,2,224,256
7459,225,224,4,224,144
7460,225,247,3,224,158
7461,225,313,4,224,383
7462,225,381,1,224,121
7463,225,416,4,224,187
7464,225,236,2,224,199
7465,225,378,5,224,188
7466,225,293,5,224,236
7467,225,168,3,224,196
7468,225,200,5,224,343
7469,225,194,3,224,223
7470,225,317,5,224,315
7471,225,177,2,224,242
7472,225,71,2,224,234
7473,225,166,3,224,51
7474,225,247,3,224,158
7475,225,361,3,224,429
7476,225,103,3,224,10
7477,225,185,3,224,38
7478,225,298,1,224,142
7479,225,123,3,224,366
7480,225,255,2,224,146
7481,225,218,3,224,408
7482,225,42,2,224,200
7483,225,90,5,224,201
7484,225,239,3,224,265
7485,225,61,4,224,112
7486,225,30,5,224,173
7487,225,402,5,224,175
7488,226,331,1,225,185
7489,226,55,5,225,108
7490,226,196,5,225,176
7491,226,32,1,225,287
7492,226,419,5,225,430
7493,226,407,4,225,44
7494,226,223,3,225,55
7495,226,156,1,225,241
7496,226,298,1,225,142
7497,226,412,5,225,296
7498,226,191,5,225,240
7499,226,319,3,225,57
7500,226,33,2,225,66
7501,226,310,3,225,58
7502,226,87,4,225,412
7503,226,403,2,225,183
7504,226,29,4,225,340
7505,226,303,4,225,153
7506,226,105,1,225,42
7507,226,36,5,225,195
7508,226,364,5,225,374
7509,226,14,2,225,94
7510,226,120,2,225,381
7511,226,340,2,225,258
7512,226,320,2,225,424
7513,226,401,5,225,373
7514,226,211,4,225,180
7515,226,204,5,225,191
7516,226,396,4,225,248
7517,226,5,2,225,2
7518,226,252,3,225,271
7519,226,327,4,225,303
7520,226,148,4,225,156
7521,226,93,1,225,362
7522,226,233,4,225,189
7523,227,158,3,226,161
7524,227,198,3,226,80
7525,227,339,4,226,209
7526,227,118,2,226,63
7527,227,423,1,226,355
7528,227,113,1,226,299
7529,227,176,4,226,43
7530,227,72,1,226,228
7531,227,74,5,226,101
7532,227,280,1,226,198
7533,227,219,2,226,128
7534,227,62,3,226,334
7535,227,64,3,226,132
7536,227,295,5,226,309
7537,227,97,4,226,102
7538,227,427,1,226,329
7539,227,211,3,226,180
7540,227,289,3,226,291
7541,227,97,4,226,102
7542,227,250,2,226,62
7543,227,225,1,226,192
7544,227,115,4,226,126
7545,227,175,4,226,415
7546,227,104,2,226,73
7547,227,234,1,226,205
7548,227,90,1,226,201
7549,227,415,4,226,417
7550,227,194,4,226,223
7551,227,328,2,226,25
7552,227,1,5,226,400
7553,227,96,5,226,249
7554,227,5,4,226,2
7555,227,319,4,226,57
7556,227,255,5,226,146
7557,227,337,3,226,353
7558,227,238,1,226,174
7559,227,179,4,226,0
7560,227,428,5,226,20
7561,227,412,4,226,296
7562,227,318,4,226,279
7563,227,192,3,226,150
7564,227,427,4,226,329
7565,227,2,5,226,30
7566,228,69,2,227,406
7567,228,309,5,227,100
7568,228,107,2,227,37
7569,228,310,4,227,58
7570,228,267,3,227,171
7571,228,225,1,227,192
7572,228,212,5,227,312
7573,228,248,3,227,263
7574,228,423,3,227,355
7575,228,290,3,227,98
7576,228,29,1,227,340
7577,228,339,3,227,209
7578,228,252,3,227,271
7579,228,69,5,227,406
7580,228,428,4,227,20
7581,228,37,5,227,213
7582,228,192,3,227,150
7583,228,405,5,227,13
7584,228,70,2,227,65
7585,228,82,4,227,85
7586,228,222,3,227,18
7587,228,34,2,227,308
7588,228,401,5,227,373
7589,228,217,2,227,426
7590,228,120,3,227,381
7591,228,364,5,227,374
7592,228,315,5,227,333
7593,228,120,1,227,381
7594,228,29,4,227,340
7595,228,65,3,227,230
7596,228,269,2,227,147
7597,228,40,1,227,378
7598,228,292,5,227,17
7599,228,216,4,227,382
7600,228,154,2,227,8
7601,228,252,5,227,271
7602,228,177,2,227,242
7603,228,410,3,227,143
7604,229,290,3,228,98
7605,229,116,3,228,136
7606,229,174,2,228,367
7607,229,415,3,228,417
7608,229,93,1,228,362
7609,229,19,3,228,278
7610,229,200,1,228,343
7611,229,361,5,228,429
7612,229,197,2,228,208
7613,229,202,2,228,60
7614,229,14,4,228,94
7615,229,317,1,228,315
7616,229,423,2,228,355
7617,229,281,1,228,45
7618,229,294,5,228,99
7619,229,271,1,228,431
7620,229,435,3,228,252
7621,229,19,4,228,278
7622,229,321,2,228,53
7623,229,135,4,228,336
7624,229,159,4,228,113
7625,229,322,4,228,31
7626,229,160,5,228,363
7627,229,372,5,228,346
7628,229,244,4,228,335
7629,229,29,3,228,340
7630,229,214,1,228,238
7631,229,157,4,228,384
7632,229,242,1,228,84
7633,229,366,2,228,338
7634,229,19,2,228,278
7635,230,69,5,229,406
7636,230,315,1,229,333
7637,230,96,2,229,249
7638,230,315,2,229,333
7639,230,305,5,229,407
7640,230,187,1,229,260
7641,230,257,4,229,134
7642,230,171,1,229,254
7643,230,204,5,229,191
7644,230,396,5,229,248
7645,230,179,4,229,0
7646,230,260,3,229,259
7647,230,173,5,229,166
7648,230,266,3,229,130
7649,230,56,2,229,172
7650,230,343,1,229,396
7651,230,377,5,229,90
7652,230,233,4,229,189
7653,230,310,2,229,58
7654,230,231,3,229,386
7655,230,211,1,229,180
7656,230,396,5,229,248
7657,230,61,4,229,112
7658,230,207,4,229,262
7659,230,146,4,229,421
7660,230,126,4,229,149
7661,230,303,1,229,153
7662,230,294,1,229,99
7663,230,40,2,229,378
7664,230,130,2,229,169
7665,230,115,1,229,126
7666,230,378,2,229,188
7667,230,371,1,229,34
7668,230,74,3,229,101
7669,230,159,4,229,113
7670,230,160,5,229,363
7671,230,46,1,229,229
7672,230,353,5,229,372
7673,230,296,4,229,154
7674,230,214,5,229,238
7675,230,167,4,229,46
7676,231,143,4,230,117
7677,231,82,4,230,85
7678,231,382,5,230,71
7679,231,250,1,230,62
7680,231,367,4,230,50
7681,231,2,1,230,30
7682,231,269,2,230,147
7683,231,376,5,230,82
7684,231,373,3,230,3
7685,231,416,3,230,187
7686,231,388,1,230,394
7687,231,208,2,230,11
7688,231,348,3,230,86
7689,231,385,1,230,139
7690,231,257,4,230,134
7691,231,86,5,230,68
7692,231,3,2,230,285
7693,231,197,3,230,208
7694,231,254,4,230,397
7695,231,274,3,230,227
7696,231,37,1,230,213
7697,231,355,5,230,215
7698,231,157,5,230,384
7699,231,361,1,230,429
7700,231,247,3,230,158
7701,231,100,1,230,79
7702,231,103,3,230,10
7703,231,332,4,230,292
7704,231,352,2,230,356
7705,231,78,3,230,35
7706,231,335,5,230,125
7707,231,183,4,230,151
7708,231,119,1,230,141
7709,231,381,1,230,121
7710,231,301,3,230,116
7711,231,49,3,230,224
7712,232,331,2,231,185
7713,232,215,3,231,375
7714,232,241,2,231,328
7715,232,313,3,231,383
7716,232,255,5,231,146
7717,232,256,3,231,280
7718,232,74,2,231,101
7719,232,21,1,231,24
7720,232,237,2,231,78
7721,232,131,5,231,70
7722,232,78,5,231,35
7723,232,285,1,231,404
7724,232,71,2,231,234
7725,232,22,1,231,325
7726,232,101,5,231,4
7727,232,228,5,231,77
7728,232,383,1,231,96
7729,232,128,2,231,75
7730,232,392,5,231,350
7731,232,70,5,231,65
7732,232,369,1,231,225
7733,232,340,3,231,258
7734,232,367,5,231,50
7735,232,191,4,231,240
7736,232,194,3,231,223
7737,232,240,1,231,342
7738,232,300,2,231,106
7739,232,180,1,231,416
7740,232,5,4,231,2
7741,233,217,4,232,426
7742,233,389,1,232,40
7743,233,85,3,232,33
7744,233,374,4,232,318
7745,233,421,1,232,59
7746,233,417,5,232,177
7747,233,141,5,232,233
7748,233,262,3,232,54
7749,233,105,4,232,42
7750,233,280,5,232,198
7751,233,433,3,232,123
7752,233,242,5,232,84
7753,233,121,3,232,138
7754,233,68,5,232,107
7755,233,253,4,232,184
7756,233,81,1,232,317
7757,233,83,3,232,323
7758,233,376,1,232,82
7759,233,289,3,232,291
7760,233,335,5,232,125
7761,233,121,1,232,138
7762,233,319,1,232,57
7763,233,246,1,232,22
7764,233,380,1,232,395
7765,233,208,3,232,11
7766,233,307,4,232,26
7767,233,48,3,232,28
7768,233,350,5,232,433
7769,233,29,3,232,340
7770,233,425,5,232,324
7771,233,382,4,232,71
7772,233,389,2,232,40
7773,234,190,4,233,119
7774,234,249,2,233,69
7775,234,284,4,233,206
7776,234,130,5,233,169
7777,234,215,2,233,375
7778,234,337,4,233,353
7779,234,157,4,233,384
7780,234,92,4,233,131
7781,234,20,1,233,7
7782,234,213,2,233,148
7783,234,342,5,233,256
7784,234,108,5,233,321
7785,234,47,1,233,286
7786,234,138,4,233,103
7787,234,372,2,233,346
7788,234,220,4,233,409
7789,234,252,5,233,271
7790,234,339,1,233,209
7791,234,97,1,233,102
7792,234,383,1,233,96
7793,234,124,1,233,313
7794,234,98,5,233,163
7795,234,437,3,233,41
7796,234,114,4,233,239
7797,234,269,4,233,147
7798,234,437,3,233,41
7799,234,104,2,233,73
7800,234,314,5,233,423
7801,234,135,1,233,336
7802,234,287,3,233,402
7803,234,402,1,233,175
7804,234,427,2,233,329
7805,234,17,2,233,56
7806,234,226,1,233,211
7807,234,246,1,233,22
7808,234,202,4,233,60
7809,234,277,4,233,255
7810,235,177,1,234,242
7811,235,238,4,234,174
7812,235,267,1,234,171
7813,235,263,3,234,370
7814,235,45,1,234,165
7815,235,216,2,234,382
7816,235,171,2,234,254
7817,235,257,1,234,134
7818,235,1,4,234,400
7819,235,382,4,234,71
7820,235,345,4,234,389
7821,235,81,4,234,317
7822,235,189,5,234,410
7823,235,396,4,234,248
7824,235,232,5,234,422
7825,235,78,1,234,35
7826,235,151,1,234,111
7827,235,245,2,234,245
7828,235,200,4,234,343
7829,235,391,1,234,115
7830,235,201,3,234,270
7831,235,128,4,234,75
7832,235,344,5,234,1
7833,235,387,3,234,418
7834,235,165,4,234,311
7835,235,199,3,234,282
7836,235,408,5,234,369
7837,235,232,5,234,422
7838,235,408,4,234,369
7839,235,48,1,234,28
7840,235,314,5,234,423
7841,235,215,4,234,375
7842,235,361,2,234,429
7843,236,54,5,235,64
7844,236,248,2,235,263
7845,236,70,1,235,65
7846,236,256,4,235,280
7847,236,413,1,235,39
7848,236,308,2,235,288
7849,236,167,1,235,46
7850,236,17,2,235,56
7851,236,181,2,235,281
7852,236,208,1,235,11
7853,236,336,4,235,15
7854,236,332,4,235,292
7855,236,167,4,235,46
7856,236,288,1,235,283
7857,236,377,3,235,90
7858,236,177,3,235,242
7859,236,257,3,235,134
7860,236,17,5,235,56
7861,236,103,1,235,10
7862,236,220,5,235,409
7863,236,237,4,235,78
7864,236,248,1,235,263
7865,236,183,4,235,151
7866,236,409,4,235,87
7867,236,269,5,235,147
7868,237,64,1,236,132
7869,237,61,5,236,112
7870,237,165,1,236,311
7871,237,280,4,236,198
7872,237,206,4,236,179
7873,237,433,4,236,123
7874,237,409,3,236,87
7875,237,274,2,236,227
7876,237,158,3,236,161
7877,237,39,1,236,390
7878,237,230,3,236,207
7879,237,43,2,236,91
7880,237,308,1,236,288
7881,237,276,4,236,425
7882,237,395,5,236,105
7883,237,282,5,236,385
7884,237,218,4,236,408
7885,237,273,4,236,391
7886,237,329,3,236,388
7887,237,9,2,236,110
7888,237,201,5,236,270
7889,237,77,2,236,160
7890,237,23,1,236,32
7891,237,21,4,236,24
7892,237,126,1,236,149
7893,237,381,1,236,121
7894,237,282,4,236,385
7895,237,27,1,236,118
7896,237,25,1,236,168
7897,237,341,2,236,193
7898,237,41,3,236,14
7899,238,193,1,237,72
7900,238,47,3,237,286
7901,238,211,3,237,180
7902,238,431,5,237,380
7903,238,13,1,237,157
7904,238,195,1,237,307
7905,238,188,1,237,186
7906,238,79,5,237,393
7907,238,377,5,237,90
7908,238,430,3,237,212
7909,238,245,5,237,245
7910,238,11,3,237,220
7911,238,316,5,237,365
7912,238,352,4,237,356
7913,238,350,3,237,433
7914,238,68,1,237,107
7915,238,201,5,237,270
7916,238,138,5,237,103
7917,238,264,4,237,182
7918,238,133,5,237,399
7919,238,371,3,237,34
7920,238,138,4,237,103
7921,238,32,4,237,287
7922,238,219,1,237,128
7923,238,64,1,237,132
7924,238,5,2,237,2
7925,238,289,3,237,291
7926,238,58,5,237,405
7927,238,15,4,237,21
7928,238,187,2,237,260
7929,238,245,4,237,245
7930,239,276,5,238,425
7931,239,360,2,238,266
7932,239,19,1,238,278
7933,239,92,5,238,131
7934,239,405,3,238,13
7935,239,117,2,238,398
7936,239,95,5,238,190
7937,239,120,5,238,381
7938,239,184,2,238,298
7939,239,68,5,238,107
7940,239,251,5,238,359
7941,239,224,5,238,144
7942,239,418,3,238,304
7943,239,128,1,238,75
7944,239,294,1,238,99
7945,239,349,3,238,326
7946,239,51,1,238,428
7947,239,16,3,238,277
7948,239,63,2,238,203
7949,239,166,3,238,51
7950,239,123,4,238,366
7951,239,338,2,238,347
7952,239,415,2,238,417
7953,239,21,4,238,24
7954,239,13,5,238,157
7955,239,92,1,238,131
7956,239,265,4,238,23
7957,239,290,4,238,98
7958,239,373,2,238,3
7959,239,114,3,238,239
7960,239,430,3,238,212
7961,239,356,5,238,361
7962,239,281,3,238,45
7963,239,297,5,238,261
7964,239,349,1,238,326
7965,239,391,3,238,115
7966,240,44,3,239,93
7967,240,127,3,239,221
7968,240,3,3,239,285
7969,240,90,1,239,201
7970,240,17,3,239,56
7971,240,376,4,239,82
7972,240,51,5,239,428
7973,240,367,4,239,50
7974,240,218,2,239,408
7975,240,60,4,239,341
7976,240,355,3,239,215
7977,240,140,3,239,436
7978,240,348,3,239,86
7979,240,282,5,239,385
7980,240,210,2,239,289
7981,240,416,4,239,187
7982,240,378,5,239,188
7983,240,19,1,239,278
7984,240,364,2,239,374
7985,240,343,2,239,396
7986,240,313,1,239,383
7987,240,351,4,239,413
7988,240,165,4,239,311
7989,240,426,2,239,48
7990,240,202,1,239,60
7991,240,417,5,239,177
7992,240,173,1,239,166
7993,240,15,3,239,21
7994,240,39,5,239,390
7995,240,170,2,239,267
7996,240,418,4,239,304
7997,240,71,1,239,234
7998,240,50,4,239,81
7999,240,37,3,239,213
8000,240,311,3,239,348
8001,241,177,5,240,242
8002,241,134,4,240,76
8003,241,40,5,240,378
8004,241,165,3,240,311
8005,241,372,4,240,346
8006,241,389,2,240,40
8007,241,372,3,240,346
8008,241,187,2,240,260
8009,241,201,5,240,270
8010,241,25,4,240,168
8011,241,305,1,240,407
8012,241,371,3,240,34
8013,241,183,1,240,151
8014,241,56,5,240,172
8015,241,420,3,240,124
8016,241,375,2,240,294
8017,241,44,5,240,93
8018,241,188,3,240,186
8019,241,42,1,240,200
8020,241,45,3,240,165
8021,241,347,1,240,275
8022,241,347,2,240,275
8023,241,329,5,240,388
8024,241,76,1,240,19
8025,242,167,5,241,46
8026,242,263,2,241,370
8027,242,211,5,241,180
8028,242,102,4,241,133
8029,242,34,5,241,308
8030,242,205,4,241,204
8031,242,8,1,241,250
8032,242,82,2,241,85
8033,242,46,1,241,229
8034,242,435,3,241,252
8035,242,322,5,241,31
8036,242,45,2,241,165
8037,242,422,2,241,237
8038,242,205,3,241,204
8039,242,410,3,241,143
8040,242,224,3,241,144
8041,242,248,4,241,263
8042,242,27,4,241,118
8043,242,34,4,241,308
8044,242,353,5,241,372
8045,242,428,5,241,20
8046,242,383,2,241,96
8047,242,375,5,241,294
8048,242,104,1,241,73
8049,242,40,4,241,378
8050,242,30,3,241,173
8051,242,216,1,241,382
8052,242,376,2,241,82
8053,242,325,3,241,246
8054,242,220,4,241,409
8055,242,3,4,241,285
8056,242,169,4,241,337
8057,242,76,5,241,19
8058,242,235,3,241,164
8059,242,251,5,241,359
8060,242,41,4,241,14
8061,242,347,5,241,275
8062,242,17,2,241,56
8063,242,190,4,241,119
8064,242,347,1,241,275
8065,242,165,5,241,311
8066,242,110,4,241,376
8067,242,300,5,241,106
8068,242,201,5,241,270
8069,243,290,3,242,98
8070,243,405,2,242,13
8071,243,319,5,242,57
8072,243,88,1,242,88
8073,243,156,3,242,241
8074,243,409,4,242,87
8075,243,295,4,242,309
8076,243,88,4,242,88
8077,243,91,5,242,92
8078,243,315,1,242,333
8079,243,132,5,242,273
8080,243,293,1,242,236
8081,243,250,1,242,62
8082,243,20,1,242,7
8083,243,223,2,242,55
8084,243,33,1,242,66
8085,243,201,5,242,270
8086,243,416,5,242,187
8087,243,134,5,242,76
8088,243,277,1,242,255
8089,243,265,2,242,23
8090,243,119,1,242,141
8091,243,239,3,242,265
8092,243,278,4,242,320
8093,243,190,1,242,119
8094,243,332,4,242,292
8095,243,216,3,242,382
8096,243,78,4,242,35
8097,243,82,1,242,85
8098,243,304,5,242,178
8099,243,153,4,242,264
8100,243,317,5,242,315
8101,244,299,3,243,351
8102,244,366,5,243,338
8103,244,227,1,243,67
8104,244,163,2,243,243
8105,244,113,3,243,299
8106,244,304,3,243,178
8107,244,96,5,243,249
8108,244,292,3,243,17
8109,244,244,5,243,335
8110,244,183,4,243,151
8111,244,247,1,243,158
8112,244,331,4,243,185
8113,244,316,2,243,365
8114,244,15,1,243,21
8115,244,384,2,243,47
8116,244,377,3,243,90
8117,244,176,4,243,43
8118,244,160,1,243,363
8119,244,114,4,243,239
8120,244,122,4,243,392
8121,244,326,5,243,354
8122,244,331,1,243,185
8123,244,430,3,243,212
8124,244,319,4,243,57
8125,244,96,5,243,249
8126,244,264,3,243,182
8127,244,114,4,243,239
8128,244,132,4,243,273
8129,244,296,2,243,154
8130,244,349,1,243,326
8131,244,170,2,243,267
8132,244,102,3,243,133
8133,244,211,3,243,180
8134,245,187,1,244,260
8135,245,430,2,244,212
8136,245,213,5,244,148
8137,245,12,2,244,197
8138,245,187,3,244,260
8139,245,141,1,244,233
8140,245,173,1,244,166
8141,245,55,1,244,108
8142,245,198,1,244,80
8143,245,151,5,244,111
8144,245,284,5,244,206
8145,245,15,5,244,21
8146,245,417,2,244,177
8147,245,408,4,244,369
8148,245,250,2,244,62
8149,245,413,3,244,39
8150,245,100,1,244,79
8151,245,228,2,244,77
8152,245,399,4,244,300
8153,245,328,3,244,25
8154,245,142,5,244,244
8155,245,373,1,244,3
8156,245,168,3,244,196
8157,245,384,3,244,47
8158,245,339,5,244,209
8159,245,24,2,244,74
8160,246,325,3,245,246
8161,246,311,1,245,348
8162,246,214,5,245,238
8163,246,312,1,245,5
8164,246,246,5,245,22
8165,246,403,2,245,183
8166,246,260,2,245,259
8167,246,360,3,245,266
8168,246,306,3,245,162
8169,246,262,3,245,54
8170,246,313,2,245,383
8171,246,348,5,245,86
8172,246,55,5,245,108
8173,246,291,3,245,379
8174,246,379,1,245,145
8175,246,316,4,245,365
8176,246,427,4,245,329
8177,246,198,4,245,80
8178,246,93,2,245,362
8179,246,103,2,245,10
8180,246,272,3,245,297
8181,246,298,5,245,142
8182,246,401,3,245,373
8183,246,29,1,245,340
8184,246,36,3,245,195
8185,246,158,3,245,161
8186,246,319,4,245,57
8187,246,197,1,245,208
8188,246,166,5,245,51
8189,247,114,3,246,239
8190,247,78,2,246,35
8191,247,11,3,246,220
8192,247,95,5,246,190
8193,247,297,3,246,261
8194,247,10,2,246,434
8195,247,325,5,246,246
8196,247,429,3,246,222
8197,247,101,2,246,4
8198,247,79,3,246,393
8199,247,294,4,246,99
8200,247,85,3,246,33
8201,247,86,4,246,68
8202,247,140,4,246,436
8203,247,92,5,246,131
8204,247,176,3,246,43
8205,247,374,1,246,318
8206,247,152,4,246,339
8207,247,168,4,246,196
8208,247,434,1,246,109
8209,247,355,5,246,215
8210,247,82,1,246,85
8211,247,187,2,246,260
8212,247,244,5,246,335
8213,247,8,2,246,250
8214,247,269,5,246,147
8215,247,315,3,246,333
8216,247,116,5,246,136
8217,247,272,5,246,297
8218,247,202,1,246,60
8219,247,250,5,246,62
8220,247,69,5,246,406
8221,247,105,1,246,42
8222,247,49,1,246,224
8223,247,4,5,246,89
8224,247,162,3,246,360
8225,247,231,3,246,386
8226,247,40,1,246,378
8227,247,388,1,246,394
8228,247,62,1,246,334
8229,247,87,5,246,412
8230,247,211,5,246,180
8231,247,108,1,246,321
8232,248,346,5,247,120
8233,248,302,5,247,27
8234,248,41,4,247,14
8235,248,305,3,247,407
8236,248,39,5,247,390
8237,248,350,2,247,433
8238,248,243,5,247,135
8239,248,37,4,247,213
8240,248,436,5,247,104
8241,248,218,5,247,408
8242,248,427,1,247,329
8243,248,165,1,247,311
8244,248,162,2,247,360
8245,248,434,2,247,109
8246,248,191,5,247,240
8247,248,413,5,247,39
8248,248,39,4,247,390
8249,248,384,1,247,47
8250,248,127,2,247,221
8251,248,419,3,247,430
8252,248,410,3,247,143
8253,248,372,1,247,346
8254,248,107,5,247,37
8255,248,265,4,247,23
8256,248,359,5,247,137
8257,248,27,2,247,118
8258,248,83,5,247,323
8259,248,134,5,247,76
8260,248,8,2,247,250
8261,248,274,4,247,227
8262,248,17,3,247,56
8263,248,331,4,247,185
8264,248,350,4,247,433
8265,248,86,4,247,68
8266,249,76,1,248,19
8267,249,11,1,248,220
8268,249,49,1,248,224
8269,249,351,5,248,413
8270,249,310,5,248,58
8271,249,157,1,248,384
8272,249,433,5,248,123
8273,249,163,3,248,243
8274,249,167,1,248,46
8275,249,232,2,248,422
8276,249,29,4,248,340
8277,249,152,3,248,339
8278,249,368,3,248,122
8279,249,375,1,248,294
8280,249,354,1,248,401
8281,249,431,1,248,380
8282,249,31,4,248,159
8283,249,424,3,248,420
8284,249,47,1,248,286
8285,249,292,1,248,17
8286,249,353,4,248,372
8287,249,234,1,248,205
8288,249,188,3,248,186
8289,249,213,1,248,148
8290,249,101,2,248,4
8291,249,391,1,248,115
8292,249,44,3,248,93
8293,250,13,2,249,157
8294,250,278,4,249,320
8295,250,240,4,249,342
8296,250,45,2,249,165
8297,250,410,3,249,143
8298,250,174,5,249,367
8299,250,388,3,249,394
8300,250,207,1,249,262
8301,250,165,1,249,311
8302,250,185,5,249,38
8303,250,218,5,249,408
8304,250,257,2,249,134
8305,250,408,5,249,369
8306,250,61,2,249,112
8307,250,241,5,249,328
8308,250,212,4,249,312
8309,250,374,4,249,318
8310,250,117,5,249,398
8311,250,225,2,249,192
8312,250,13,1,249,157
8313,250,354,2,249,401
8314,250,347,2,249,275
8315,250,233,5,249,189
8316,250,369,4,249,225
8317,250,199,1,249,282
8318,250,26,4,249,274
8319,250,91,5,249,92
8320,250,374,5,249,318
8321,250,90,4,249,201
8322,250,179,1,249,0
8323,250,238,4,249,174
8324,250,369,3,249,225
8325,250,255,3,249,146
8326,250,258,3,249,6
8327,250,7,4,249,435
8328,250,226,4,249,211
8329,250,156,5,249,241
8330,251,430,2,250,212
8331,251,212,1,250,312
8332,251,219,1,250,128
8333,251,220,4,250,409
8334,251,341,4,250,193
8335,251,331,2,250,185
8336,251,78,3,250,35
8337,251,325,1,250,246
8338,251,187,5,250,260
8339,251,77,4,250,160
8340,251,158,5,250,161
8341,251,392,5,250,350
8342,251,14,3,250,94
8343,251,191,1,250,240
8344,251,297,5,250,261
8345,251,417,3,250,177
8346,251,387,4,250,418
8347,251,139,4,250,232
8348,251,437,5,250,41
8349,251,18,3,250,52
8350,251,437,3,250,41
8351,251,257,2,250,134
8352,251,142,3,250,244
8353,251,373,1,250,3
8354,251,138,2,250,103
8355,251,273,1,250,391
8356,251,153,1,250,264
8357,252,145,3,251,194
8358,252,114,1,251,239
8359,252,328,1,251,25
8360,252,169,3,251,337
8361,252,200,1,251,343
8362,252,199,3,251,282
8363,252,136,5,251,319
8364,252,154,1,251,8
8365,252,64,5,251,132
8366,252,295,4,251,309
8367,252,360,3,251,266
8368,252,149,2,251,217
8369,252,40,5,251,378
8370,252,259,3,251,247
8371,252,152,5,251,339
8372,252,284,5,251,206
8373,252,125,5,251,364
8374,252,208,4,251,11
8375,252,168,2,251,196
8376,252,101,2,251,4
8377,252,320,4,251,424
8378,252,334,2,251,127
8379,252,73,4,251,269
8380,252,103,4,251,10
8381,252,203,2,251,231
8382,252,138,3,251,103
8383,253,117,5,252,398
8384,253,297,2,252,261
8385,253,264,3,252,182
8386,253,131,3,252,70
8387,253,325,4,252,246
8388,253,136,3,252,319
8389,253,273,2,252,391
8390,253,357,4,252,268
8391,253,414,2,252,272
8392,253,190,4,252,119
8393,253,186,3,252,216
8394,253,359,3,252,137
8395,253,104,1,252,73
8396,253,340,1,252,258
8397,253,8,3,252,250
8398,253,172,4,252,357
8399,253,232,5,252,422
8400,253,218,2,252,408
8401,253,401,1,252,373
8402,253,61,2,252,112
8403,253,257,1,252,134
8404,253,37,1,252,213
8405,253,149,5,252,217
8406,253,158,5,252,161
8407,253,173,4,252,166
8408,253,79,1,252,393
8409,254,180,3,253,416
8410,254,278,1,253,320
8411,254,347,3,253,275
8412,254,169,4,253,337
8413,254,160,3,253,363
8414,254,260,2,253,259
8415,254,355,4,253,215
8416,254,286,1,253,358
8417,254,306,2,253,162
8418,254,36,3,253,195
8419,254,323,5,253,331
8420,254,92,4,253,131
8421,254,363,4,253,414
8422,254,118,4,253,63
8423,254,24,1,253,74
8424,254,377,2,253,90
8425,254,208,4,253,11
8426,254,1,5,253,400
8427,254,349,5,253,326
8428,254,51,2,253,428
8429,254,257,4,253,134
8430,254,194,4,253,223
8431,254,361,3,253,429
8432,254,366,1,253,338
8433,255,425,3,254,324
8434,255,427,1,254,329
8435,255,267,1,254,171
8436,255,3,1,254,285
8437,255,94,2,254,226
8438,255,224,2,254,144
8439,255,25,4,254,168
8440,255,336,5,254,15
8441,255,299,3,254,351
8442,255,240,5,254,342
8443,255,309,4,254,100
8444,255,46,3,254,229
8445,255,267,1,254,171
8446,255,343,5,254,396
8447,255,156,1,254,241
8448,255,183,5,254,151
8449,255,116,3,254,136
8450,255,275,2,254,167
8451,255,403,3,254,183
8452,255,332,5,254,292
8453,255,123,5,254,366
8454,255,320,2,254,424
8455,255,295,4,254,309
8456,255,302,4,254,27
8457,255,423,2,254,355
8458,255,220,4,254,409
8459,255,338,1,254,347
8460,255,242,2,254,84
8461,255,152,4,254,339
8462,255,279,3,254,290
8463,255,432,4,254,314
8464,255,199,2,254,282
8465,255,110,4,254,376
8466,255,393,3,254,9
8467,256,88,3,255,88
8468,256,184,1,255,298
8469,256,205,3,255,204
8470,256,312,5,255,5
8471,256,15,4,255,21
8472,256,416,3,255,187
8473,256,179,4,255,0
8474,256,307,5,255,26
8475,256,173,2,255,166
8476,256,324,2,255,387
8477,256,84,1,255,305
8478,256,395,5,255,105
8479,256,193,4,255,72
8480,256,159,1,255,113
8481,256,143,1,255,117
8482,256,111,5,255,36
8483,256,253,5,255,184
8484,256,258,2,255,6
8485,256,205,3,255,204
8486,256,416,5,255,187
8487,256,320,4,255,424
8488,256,161,4,255,344
8489,256,327,5,255,303
8490,256,152,4,255,339
8491,256,425,5,255,324
8492,256,274,2,255,227
8493,256,141,3,255,233
8494,256,191,1,255,240
8495,256,39,3,255,390
8496,256,345,1,255,389
8497,256,283,3,255,61
8498,256,146,2,255,421
8499,257,147,1,256,29
8500,257,139,5,256,232
8501,257,389,1,256,40
8502,257,374,1,256,318
8503,257,371,2,256,34
8504,257,276,4,256,425
8505,257,254,2,256,397
8506,257,431,2,256,380
8507,257,337,5,256,353
8508,257,202,3,256,60
8509,257,157,3,256,384
8510,257,432,4,256,314
8511,257,43,4,256,91
8512,257,58,1,256,405
8513,257,56,2,256,172
8514,257,433,3,256,123
8515,257,315,4,256,333
8516,257,86,4,256,68
8517,257,221,4,256,368
8518,257,27,4,256,118
8519,257,374,3,256,318
8520,257,269,4,256,147
8521,257,338,2,256,347
8522,257,107,1,256,37
8523,257,141,2,256,233
8524,257,429,2,256,222
8525,257,365,5,256,257
8526,257,223,4,256,55
8527,257,312,4,256,5
8528,257,115,5,256,126
8529,257,386,2,256,352
8530,257,141,3,256,233
8531,257,242,2,256,84
8532,257,108,3,256,321
8533,257,255,1,256,146
8534,257,146,5,256,421
8535,257,398,1,256,140
8536,258,52,2,257,235
8537,258,252,5,257,271
8538,258,344,3,257,1
8539,258,368,1,257,122
8540,258,279,5,257,290
8541,258,6,4,257,218
8542,258,137,4,257,332
8543,258,88,3,257,88
8544,258,397,2,257,114
8545,258,287,4,257,402
8546,258,88,2,257,88
8547,258,32,5,257,287
8548,258,55,1,257,108
8549,258,354,5,257,401
8550,258,272,1,257,297
8551,258,22,4,257,325
8552,258,228,2,257,77
8553,258,417,3,257,177
8554,258,10,2,257,434
8555,258,67,2,257,16
8556,258,164,2,257,170
8557,258,227,3,257,67
8558,258,261,5,257,301
8559,258,403,1,257,183
8560,258,91,5,257,92
8561,258,293,1,257,236
8562,258,335,2,257,125
8563,258,253,5,257,184
8564,258,52,4,257,235
8565,258,122,5,257,392
8566,258,300,4,257,106
8567,258,344,5,257,1
8568,258,380,2,257,395
8569,258,270,3,257,276
8570,258,20,1,257,7
8571,258,286,1,257,358
8572,258,208,5,257,11
8573,258,146,5,257,421
8574,258,368,1,257,122
8575,258,25,3,257,168
8576,259,419,4,258,430
8577,259,199,2,258,282
8578,259,193,3,258,72
8579,259,142,4,258,244
8580,259,188,3,258,186
8581,259,32,3,258,287
8582,259,384,1,258,47
8583,259,256,4,258,280
8584,259,391,1,258,115
8585,259,116,1,258,136
8586,259,135,4,258,336
8587,259,338,4,258,347
8588,259,407,4,258,44
8589,259,253,1,258,184
8590,259,248,2,258,263
8591,259,206,5,258,179
8592,259,8,2,258,250
8593,259,57,4,258,427
8594,259,398,5,258,140
8595,259,86,4,258,68
8596,259,127,2,258,221
8597,259,402,3,258,175
8598,259,216,4,258,382
8599,260,325,5,259,246
8600,260,195,4,259,307
8601,260,229,4,259,97
8602,260,241,4,259,328
8603,260,208,5,259,11
8604,260,389,4,259,40
8605,260,296,2,259,154
8606,260,410,3,259,143
8607,260,101,4,259,4
8608,260,177,3,259,242
8609,260,283,4,259,61
8610,260,256,5,259,280
8611,260,278,2,259,320
8612,260,152,1,259,339
8613,260,194,4,259,223
8614,260,124,4,259,313
8615,260,70,2,259,65
8616,260,377,1,259,90
8617,260,46,3,259,229
8618,260,195,3,259,307
8619,260,117,4,259,398
8620,260,280,5,259,198
8621,260,133,3,259,399
8622,260,333,4,259,316
8623,260,117,2,259,398
8624,260,244,2,259,335
8625,260,207,1,259,262
8626,260,37,5,259,213
8627,260,160,1,259,363
8628,260,381,2,259,121
8629,260,211,5,259,180
8630,260,231,4,259,386
8631,260,224,5,259,144
8632,260,329,1,259,388
8633,260,294,2,259,99
8634,260,217,3,259,426
8635,260,101,3,259,4
8636,261,281,3,260,45
8637,261,309,5,260,100
8638,261,140,4,260,436
8639,261,289,3,260,291
8640,261,121,3,260,138
8641,261,109,1,260,214
8642,261,76,2,260,19
8643,261,159,4,260,113
8644,261,109,2,260,214
8645,261,434,3,260,109
8646,261,119,4,260,141
8647,261,132,4,260,273
8648,261,314,3,260,423
8649,261,393,1,260,9
8650,261,295,3,260,309
8651,261,248,2,260,263
8652,261,55,1,260,108
8653,261,363,3,260,414
8654,261,255,1,260,146
8655,261,44,4,260,93
8656,261,365,2,260,257
8657,261,393,4,260,9
8658,261,306,3,260,162
8659,261,265,3,260,23
8660,261,127,5,260,221
8661,261,20,4,260,7
8662,261,60,5,260,341
8663,261,143,3,260,117
8664,261,218,1,260,408
8665,261,110,1,260,376
8666,261,124,1,260,313
8667,261,79,3,260,393
8668,261,313,3,260,383
8669,261,344,3,260,1
8670,261,120,2,260,381
8671,261,426,2,260,48
8672,261,343,1,260,396
8673,262,305,1,261,407
8674,262,15,1,261,21
8675,262,37,2,261,213
8676,262,363,2,261,414
8677,262,174,1,261,367
8678,262,120,5,261,381
8679,262,8,5,261,250
8680,262,11,5,261,220
8681,262,419,3,261,430
8682,262,247,3,261,158
8683,262,329,1,261,388
8684,262,278,4,261,320
8685,262,68,2,261,107
8686,262,137,4,261,332
8687,262,261,5,261,301
8688,262,395,5,261,105
8689,262,343,5,261,396
8690,262,208,3,261,11
8691,262,263,2,261,370
8692,262,54,4,261,64
8693,262,57,3,261,427
8694,262,396,3,261,248
8695,262,85,1,261,33
8696,262,406,1,261,95
8697,262,314,5,261,423
8698,262,246,5,261,22
8699,262,377,4,261,90
8700,262,412,1,261,296
8701,262,269,3,261,147
8702,262,47,1,261,286
8703,262,43,4,261,91
8704,262,377,1,261,90
8705,262,287,5,261,402
8706,262,67,3,261,16
8707,262,357,4,261,268
8708,262,244,5,261,335
8709,262,396,2,261,248
8710,263,437,5,262,41
8711,263,306,5,262,162
8712,263,416,2,262,187
8713,263,254,5,262,397
8714,263,300,1,262,106
8715,263,268,3,262,83
8716,263,137,1,262,332
8717,263,176,2,262,43
8718,263,93,4,262,362
8719,263,192,5,262,150
8720,263,11,1,262,220
8721,263,39,4,262,390
8722,263,408,1,262,369
8723,263,37,1,262,213
8724,263,65,5,262,230
8725,263,115,4,262,126
8726,263,236,5,262,199
8727,263,189,3,262,410
8728,263,348,5,262,86
8729,263,242,3,262,84
8730,263,240,1,262,342
8731,263,120,5,262,381
8732,263,390,1,262,49
8733,263,49,2,262,224
8734,263,376,2,262,82
8735,263,39,4,262,390
8736,263,417,5,262,177
8737,263,22,2,262,325
8738,263,342,1,262,256
8739,263,236,1,262,199
8740,263,154,3,262,8
8741,263,232,5,262,422
8742,263,409,5,262,87
8743,263,121,3,262,138
8744,263,388,3,262,394
8745,263,181,3,262,281
8746,263,232,5,262,422
8747,264,201,4,263,270
8748,264,298,1,263,142
8749,264,142,4,263,244
8750,264,367,3,263,50
8751,264,363,3,263,414
8752,264,35,4,263,210
8753,264,14,1,263,94
8754,264,63,3,263,203
8755,264,420,5,263,124
8756,264,293,5,263,236
8757,264,351,2,263,413
8758,264,6,1,263,218
8759,264,190,2,263,119
8760,264,254,1,263,397
8761,264,99,4,263,155
8762,264,249,4,263,69
8763,264,134,4,263,76
8764,264,432,1,263,314
8765,264,246,5,263,22
8766,264,113,2,263,299
8767,264,99,5,263,155
8768,264,21,4,263,24
8769,264,161,5,263,344
8770,264,349,1,263,326
8771,264,402,1,263,175
8772,264,238,3,263,174
8773,264,219,5,263,128
8774,264,63,2,263,203
8775,264,273,1,263,391
8776,264,120,3,263,381
8777,264,26,2,263,274
8778,264,308,4,263,288
8779,264,81,3,263,317
8780,265,182,5,264,295
8781,265,35,3,264,210
8782,265,281,1,264,45
8783,265,93,1,264,362
8784,265,102,3,264,133
8785,265,1,4,264,400
8786,265,308,3,264,288
8787,265,293,3,264,236
8788,265,36,2,264,195
8789,265,10,3,264,434
8790,265,424,3,264,420
8791,265,312,2,264,5
8792,265,423,1,264,355
8793,265,188,1,264,186
8794,265,375,3,264,294
8795,265,187,4,264,260
8796,265,396,5,264,248
8797,265,434,1,264,109
8798,265,405,3,264,13
8799,265,156,4,264,241
8800,265,418,5,264,304
8801,265,88,3,264,88
8802,265,144,2,264,377
8803,265,144,3,264,377
8804,265,23,2,264,32
8805,265,420,1,264,124
8806,265,113,3,264,299
8807,265,91,5,264,92
8808,265,317,2,264,315
8809,265,405,1,264,13
8810,265,148,4,264,156
8811,265,250,3,264,62
8812,265,149,4,264,217
8813,265,101,1,264,4
8814,266,344,2,265,1
8815,266,103,1,265,10
8816,266,367,4,265,50
8817,266,324,4,265,387
8818,266,430,1,265,212
8819,266,357,5,265,268
8820,266,304,4,265,178
8821,266,185,2,265,38
8822,266,156,4,265,241
8823,266,74,2,265,101
8824,266,251,5,265,359
8825,266,249,3,265,69
8826,266,268,1,265,83
8827,266,271,2,265,431
8828,266,82,4,265,85
8829,266,360,4,265,266
8830,266,370,5,265,432
8831,266,210,5,265,289
8832,266,378,1,265,188
8833,266,16,4,265,277
8834,266,268,4,265,83
8835,266,32,4,265,287
8836,266,366,4,265,338
8837,266,400,1,265,306
8838,266,336,3,265,15
8839,266,434,2,265,109
8840,266,152,4,265,339
8841,266,151,2,265,111
8842,267,339,2,266,209
8843,267,369,2,266,225
8844,267,301,2,266,116
8845,267,9,2,266,110
8846,267,106,4,266,411
8847,267,418,2,266,304
8848,267,265,3,266,23
8849,267,326,2,266,354
8850,267,268,2,266,83
8851,267,17,5,266,56
8852,267,346,2,266,120
8853,267,140,3,266,436
8854,267,147,3,266,29
8855,267,270,3,266,276
8856,267,400,1,266,306
8857,267,211,1,266,180
8858,267,132,4,266,273
8859,267,246,2,266,22
8860,267,54,2,266,64
8861,267,325,1,266,246
8862,267,26,1,266,274
8863,267,258,5,266,6
8864,267,49,5,266,224
8865,267,134,1,266,76
8866,267,47,4,266,286
8867,267,394,3,266,419
8868,267,255,2,266,146
8869,267,195,2,266,307
8870,267,236,5,266,199
8871,267,260,1,266,259
8872,267,162,4,266,360
8873,267,399,2,266,300
8874,267,216,4,266,382
8875,267,215,1,266,375
8876,267,261,3,266,301
8877,267,382,1,266,71
8878,267,51,5,266,428
8879,267,145,5,266,194
8880,267,3,4,266,285
8881,267,416,5,266,187
8882,267,99,4,266,155
8883,267,56,4,266,172
8884,267,415,5,266,417
8885,267,291,4,266,379
8886,267,182,5,266,295
8887,267,252,2,266,271
8888,267,275,4,266,167
8889,267,190,1,266,119
8890,267,90,5,266,201
8891,267,29,1,266,340
8892,267,390,1,266,49
8893,267,375,3,266,294
8894,267,276,5,266,425
8895,268,338,4,267,347
8896,268,97,3,267,102
8897,268,294,4,267,99
8898,268,377,5,267,90
8899,268,326,2,267,354
8900,268,286,5,267,358
8901,268,62,1,267,334
8902,268,252,2,267,271
8903,268,300,4,267,106
8904,268,423,2,267,355
8905,268,47,4,267,286
8906,268,122,1,267,392
8907,268,140,2,267,436
8908,268,381,5,267,121
8909,268,73,2,267,269
8910,268,102,1,267,133
8911,268,397,2,267,114
8912,268,411,4,267,327
8913,268,280,4,267,198
8914,268,191,2,267,240
8915,268,179,4,267,0
8916,268,265,2,267,23
8917,268,52,4,267,235
8918,268,373,1,267,3
8919,268,125,3,267,364
8920,268,419,2,267,430
8921,268,146,5,267,421
8922,268,99,3,267,155
8923,268,332,5,267,292
8924,268,407,2,267,44
8925,268,29,4,267,340
8926,268,373,5,267,3
8927,269,235,2,268,164
8928,269,85,1,268,33
8929,269,255,1,268,146
8930,269,55,4,268,108
8931,269,317,5,268,315
8932,269,119,5,268,141
8933,269,355,3,268,215
8934,269,21,4,268,24
8935,269,282,1,268,385
8936,269,162,3,268,360
8937,269,64,1,268,132
8938,269,288,3,268,283
8939,269,334,1,268,127
8940,269,433,3,268,123
8941,269,103,1,268,10
8942,269,423,2,268,355
8943,269,352,5,268,356
8944,269,281,2,268,45
8945,269,270,1,268,276
8946,269,41,2,268,14
8947,269,155,3,268,403
8948,269,386,1,268,352
8949,269,163,1,268,243
8950,269,131,5,268,70
8951,269,433,1,268,123
8952,269,202,4,268,60
8953,269,98,4,268,163
8954,269,411,3,268,327
8955,269,9,5,268,110
8956,269,248,1,268,263
8957,270,309,3,269,100
8958,270,310,1,269,58
8959,270,179,4,269,0
8960,270,17,5,269,56
8961,270,24,5,269,74
8962,270,94,5,269,226
8963,270,168,2,269,196
8964,270,422,4,269,237
8965,270,189,4,269,410
8966,270,245,3,269,245
8967,270,202,1,269,60
8968,270,95,4,269,190
8969,270,38,1,269,310
8970,270,254,5,269,397
8971,270,194,4,269,223
8972,270,155,1,269,403
8973,270,282,5,269,385
8974,270,146,1,269,421
8975,270,404,3,269,322
8976,270,371,4,269,34
8977,270,275,1,269,167
8978,270,334,1,269,127
8979,270,201,3,269,270
8980,270,282,1,269,385
8981,270,321,3,269,53
8982,270,303,2,269,153
8983,270,203,3,269,231
8984,270,437,1,269,41
8985,271,8,2,270,250
8986,271,388,4,270,394
8987,271,71,2,270,234
8988,271,393,4,270,9
8989,271,195,2,270,307
8990,271,249,5,270,69
8991,271,342,4,270,256
8992,271,248,3,270,263
8993,271,316,5,270,365
8994,271,274,3,270,227
8995,271,87,4,270,412
8996,271,117,1,270,398
8997,271,151,5,270,111
8998,271,294,3,270,99
8999,271,391,1,270,115
9000,271,62,4,270,334
9001,271,80,1,270,293
9002,271,142,5,270,244
9003,271,427,1,270,329
9004,271,347,4,270,275
9005,271,303,2,270,153
9006,271,134,4,270,76
9007,271,179,5,270,0
9008,271,87,1,270,412
9009,271,9,2,270,110
9010,271,204,5,270,191
9011,271,159,3,270,113
9012,272,359,1,271,137
9013,272,414,2,271,272
9014,272,178,2,271,129
9015,272,347,1,271,275
9016,272,414,5,271,272
9017,272,204,3,271,191
9018,272,61,3,271,112
9019,272,382,1,271,71
9020,272,407,1,271,44
9021,272,179,4,271,0
9022,272,72,4,271,228
9023,272,432,3,271,314
9024,272,183,4,271,151
9025,272,59,3,271,253
9026,272,177,5,271,242
9027,272,138,4,271,103
9028,272,283,2,271,61
9029,272,311,5,271,348
9030,272,292,2,271,17
9031,272,378,4,271,188
9032,272,276,1,271,425
9033,272,217,2,271,426
9034,272,306,2,271,162
9035,272,17,4,271,56
9036,272,141,5,271,233
9037,272,78,4,271,35
9038,272,182,5,271,295
9039,272,164,3,271,170
9040,272,396,1,271,248
9041,272,295,5,271,309
9042,272,293,3,271,236
9043,272,98,5,271,163
9044,272,424,3,271,420
9045,272,115,3,271,126
9046,273,281,5,272,45
9047,273,177,2,272,242
9048,273,295,5,272,309
9049,273,176,4,272,43
9050,273,40,4,272,378
9051,273,390,4,272,49
9052,273,413,5,272,39
9053,273,250,3,272,62
9054,273,342,2,272,256
9055,273,288,4,272,283
9056,273,156,1,272,241
9057,273,127,3,272,221
9058,273,328,4,272,25
9059,273,243,5,272,135
9060,273,310,2,272,58
9061,273,91,3,272,92
9062,273,253,5,272,184
9063,273,52,2,272,235
9064,273,53,4,272,349
9065,273,328,4,272,25
9066,273,197,3,272,208
9067,273,290,5,272,98
9068,273,65,4,272,230
9069,273,182,2,272,295
9070,273,253,1,272,184
9071,273,378,4,272,188
9072,273,291,2,272,379
9073,273,72,4,272,228
9074,273,230,2,272,207
9075,273,145,3,272,194
9076,273,46,2,272,229
9077,273,336,2,272,15
9078,273,33,3,272,66
9079,273,148,1,272,156
9080,273,120,1,272,381
9081,274,94,3,273,226
9082,274,227,5,273,67
9083,274,415,4,273,417
9084,274,56,2,273,172
9085,274,173,2,273,166
9086,274,321,3,273,53
9087,274,134,4,273,76
9088,274,348,4,273,86
9089,274,195,5,273,307
9090,274,390,4,273,49
9091,274,286,3,273,358
9092,274,278,5,273,320
9093,274,427,2,273,329
9094,274,197,4,273,208
9095,274,55,3,273,108
9096,274,151,3,273,111
9097,274,190,3,273,119
9098,274,417,1,273,177
9099,274,360,1,273,266
9100,274,403,3,273,183
9101,274,214,5,273,238
9102,274,76,4,273,19
9103,274,30,3,273,173
9104,274,355,1,273,215
9105,274,78,3,273,35
9106,274,159,1,273,113
9107,274,436,4,273,104
9108,274,327,5,273,303
9109,274,422,4,273,237
9110,274,329,5,273,388
9111,274,340,3,273,258
9112,274,227,3,273,67
9113,274,255,4,273,146
9114,274,381,5,273,121
9115,274,414,4,273,272
9116,274,205,2,273,204
9117,274,317,3,273,315
9118,274,24,4,273,74
9119,274,69,4,273,406
9120,274,261,2,273,301
9121,275,62,3,274,334
9122,275,83,2,274,323
9123,275,337,2,274,353
9124,275,383,1,274,96
9125,275,364,2,274,374
9126,275,379,3,274,145
9127,275,101,2,274,4
9128,275,408,4,274,369
9129,275,71,3,274,234
9130,275,57,1,274,427
9131,275,94,1,274,226
9132,275,104,1,274,73
9133,275,341,1,274,193
9134,275,166,1,274,51
9135,275,342,1,274,256
9136,275,323,4,274,331
9137,275,83,5,274,323
9138,275,185,2,274,38
9139,275,287,5,274,402
9140,275,114,1,274,239
9141,275,259,1,274,247
9142,275,105,3,274,42
9143,275,366,1,274,338
9144,276,45,2,275,165
9145,276,202,1,275,60
9146,276,366,2,275,338
9147,276,174,1,275,367
9148,276,381,5,275,121
9149,276,397,1,275,114
9150,276,202,5,275,60
9151,276,116,1,275,136
9152,276,42,3,275,200
9153,276,223,2,275,55
9154,276,223,4,275,55
9155,276,94,5,275,226
9156,276,39,5,275,390
9157,276,309,1,275,100
9158,276,314,4,275,423
9159,276,29,4,275,340
9160,276,112,2,275,302
9161,276,122,4,275,392
9162,276,273,4,275,391
9163,276,145,2,275,194
9164,276,177,1,275,242
9165,276,310,2,275,58
9166,276,333,2,275,316
9167,276,59,5,275,253
9168,276,239,1,275,265
9169,276,164,1,275,170
9170,276,370,2,275,432
9171,276,110,3,275,376
9172,276,176,2,275,43
9173,276,305,3,275,407
9174,276,4,1,275,89
9175,276,252,5,275,271
9176,276,46,3,275,229
9177,276,132,1,275,273
9178,276,58,2,275,405
9179,276,47,2,275,286
9180,276,235,4,275,164
9181,276,89,2,275,12
9182,276,251,1,275,359
9183,276,362,4,275,251
9184,276,172,1,275,357
9185,276,356,4,275,361
9186,276,365,2,275,257
9187,276,204,3,275,191
9188,276,148,1,275,156
9189,276,151,2,275,111
9190,276,100,5,275,79
9191,276,85,1,275,33
9192,276,234,1,275,205
9193,276,315,3,275,333
9194,277,106,4,276,411
9195,277,340,4,276,258
9196,277,190,2,276,119
9197,277,336,5,276,15
9198,277,43,2,276,91
9199,277,240,2,276,342
9200,277,423,4,276,355
9201,277,341,4,276,193
9202,277,403,3,276,183
9203,277,374,5,276,318
9204,277,66,1,276,345
9205,277,421,4,276,59
9206,277,41,1,276,14
9207,277,125,2,276,364
9208,277,315,2,276,333
9209,277,237,4,276,78
9210,277,244,3,276,335
9211,277,47,5,276,286
9212,277,264,3,276,182
9213,277,174,1,276,367
9214,277,154,3,276,8
9215,277,345,4,276,389
9216,277,389,2,276,40
9217,277,105,1,276,42
9218,277,56,5,276,172
9219,277,177,3,276,242
9220,277,234,4,276,205
9221,277,116,2,276,136
9222,277,91,5,276,92
9223,277,7,5,276,435
9224,277,77,1,276,160
9225,277,49,5,276,224
9226,277,266,1,276,130
9227,277,355,2,276,215
9228,277,133,1,276,399
9229,277,340,4,276,258
9230,278,203,2,277,231
9231,278,417,1,277,177
9232,278,228,1,277,77
9233,278,326,1,277,354
9234,278,247,2,277,158
9235,278,234,3,277,205
9236,278,336,1,277,15
9237,278,127,5,277,221
9238,278,426,3,277,48
9239,278,7,1,277,435
9240,278,97,5,277,102
9241,278,148,4,277,156
9242,278,133,5,277,399
9243,278,368,2,277,122
9244,278,7,1,277,435
9245,278,312,1,277,5
9246,278,359,2,277,137
9247,278,297,4,277,261
9248,278,33,2,277,66
9249,278,413,4,277,39
9250,278,195,1,277,307
9251,278,358,2,277,371
9252,278,56,4,277,172
9253,278,416,3,277,187
9254,278,262,3,277,54
9255,278,405,1,277,13
9256,278,167,2,277,46
9257,278,57,2,277,427
9258,278,49,5,277,224
9259,278,75,2,277,202
9260,279,200,1,278,343
9261,279,169,3,278,337
9262,279,251,1,278,359
9263,279,111,4,278,36
9264,279,402,1,278,175
9265,279,248,2,278,263
9266,279,30,2,278,173
9267,279,210,3,278,289
9268,279,54,5,278,64
9269,279,269,4,278,147
9270,279,322,5,278,31
9271,279,154,1,278,8
9272,279,86,3,278,68
9273,279,235,2,278,164
9274,279,217,3,278,426
9275,279,266,4,278,130
9276,279,288,2,278,283
9277,279,407,3,278,44
9278,279,11,5,278,220
9279,279,310,2,278,58
9280,279,242,1,278,84
9281,279,152,3,278,339
9282,279,133,5,278,399
9283,279,64,4,278,132
9284,279,18,5,278,52
9285,279,135,2,278,336
9286,280,99,3,279,155
9287,280,310,4,279,58
9288,280,432,4,279,314
9289,280,47,4,279,286
9290,280,32,2,279,287
9291,280,55,1,279,108
9292,280,248,1,279,263
9293,280,374,1,279,318
9294,280,154,4,279,8
9295,280,19,2,279,278
9296,280,324,4,279,387
9297,280,185,2,279,38
9298,280,33,2,279,66
9299,280,165,5,279,311
9300,280,111,2,279,36
9301,280,430,5,279,212
9302,280,199,5,279,282
9303,280,197,3,279,208
9304,280,6,1,279,218
9305,280,404,2,279,322
9306,280,3,1,279,285
9307,280,98,5,279,163
9308,280,322,3,279,31
9309,280,344,1,279,1
9310,280,99,5,279,155
9311,280,44,4,279,93
9312,280,152,4,279,339
9313,280,295,4,279,309
9314,280,130,1,279,169
9315,280,205,3,279,204
9316,280,383,3,279,96
9317,281,158,2,280,161
9318,281,361,1,280,429
9319,281,89,2,280,12
9320,281,251,4,280,359
9321,281,389,4,280,40
9322,281,73,1,280,269
9323,281,344,5,280,1
9324,281,232,3,280,422
9325,281,24,1,280,74
9326,281,335,2,280,125
9327,281,253,5,280,184
9328,281,145,1,280,194
9329,281,234,2,280,205
9330,281,366,3,280,338
9331,281,9,2,280,110
9332,281,81,1,280,317
9333,281,385,4,280,139
9334,281,368,5,280,122
9335,281,132,5,280,273
9336,281,237,3,280,78
9337,281,300,4,280,106
9338,281,215,5,280,375
9339,281,430,1,280,212
9340,281,178,4,280,129
9341,281,263,4,280,370
9342,281,164,3,280,170
9343,281,302,2,280,27
9344,281,183,2,280,151
9345,281,328,2,280,25
9346,281,414,1,280,272
9347,281,336,5,280,15
9348,281,154,2,280,8
9349,281,87,3,280,412
9350,282,136,4,281,319
9351,282,85,1,281,33
9352,282,352,2,281,356
9353,282,414,4,281,272
9354,282,49,3,281,224
9355,282,293,4,281,236
9356,282,320,5,281,424
9357,282,319,3,281,57
9358,282,404,5,281,322
9359,282,428,3,281,20
9360,282,421,1,281,59
9361,282,260,3,281,259
9362,282,301,3,281,116
9363,282,86,1,281,68
9364,282,434,2,281,109
9365,282,352,4,281,356
9366,282,65,4,281,230
9367,282,119,2,281,141
9368,282,61,3,281,112
9369,282,67,4,281,16
9370,282,309,4,281,100
9371,282,361,2,281,429
9372,282,286,2,281,358
9373,282,78,3,281,35
9374,282,356,1,281,361
9375,282,331,2,281,185
9376,282,201,1,281,270
9377,282,22,5,281,325
9378,282,366,2,281,338
9379,282,182,2,281,295
9380,282,433,5,281,123
9381,282,81,2,281,317
9382,282,133,5,281,399
9383,282,250,5,281,62
9384,282,11,3,281,220
9385,282,314,2,281,423
9386,283,257,1,282,134
9387,283,218,1,282,408
9388,283,235,2,282,164
9389,283,10,2,282,434
9390,283,171,1,282,254
9391,283,311,2,282,348
9392,283,113,3,282,299
9393,283,187,4,282,260
9394,283,347,4,282,275
9395,283,351,4,282,413
9396,283,59,3,282,253
9397,283,41,5,282,14
9398,283,132,5,282,273
9399,283,386,1,282,352
9400,283,376,3,282,82
9401,283,342,5,282,256
9402,283,21,4,282,24
9403,283,338,2,282,347
9404,283,186,3,282,216
9405,283,406,1,282,95
9406,283,101,5,282,4
9407,283,56,5,282,172
9408,283,408,2,282,369
9409,283,428,1,282,20
9410,283,421,2,282,59
9411,283,404,1,282,322
9412,283,28,5,282,181
9413,283,174,2,282,367
9414,283,389,1,282,40
9415,283,323,1,282,331
9416,283,53,5,282,349
9417,283,99,2,282,155
9418,283,180,5,282,416
9419,283,117,3,282,398
9420,283,29,5,282,340
9421,283,96,3,282,249
9422,283,342,1,282,256
9423,283,127,5,282,221
9424,283,368,3,282,122
9425,283,400,4,282,306
9426,284,59,1,283,253
9427,284,94,2,283,226
9428,284,437,1,283,41
9429,284,436,1,283,104
9430,284,134,4,283,76
9431,284,360,3,283,266
9432,284,410,2,283,143
9433,284,166,2,283,51
9434,284,158,4,283,161
9435,284,273,3,283,391
9436,284,437,5,283,41
9437,284,121,5,283,138
9438,284,383,1,283,96
9439,284,219,2,283,128
9440,284,154,4,283,8
9441,284,188,5,283,186
9442,284,153,2,283,264
9443,284,410,1,283,143
9444,284,345,5,283,389
9445,284,149,2,283,217
9446,284,285,3,283,404
9447,284,110,2,283,376
9448,284,265,3,283,23
9449,284,411,5,283,327
9450,284,424,2,283,420
9451,284,244,1,283,335
9452,284,78,5,283,35
9453,285,340,1,284,258
9454,285,259,2,284,247
9455,285,111,2,284,36
9456,285,109,5,284,214
9457,285,69,4,284,406
9458,285,327,4,284,303
9459,285,398,2,284,140
9460,285,324,3,284,387
9461,285,3,5,284,285
9462,285,388,5,284,394
9463,285,109,4,284,214
9464,285,222,5,284,18
9465,285,259,4,284,247
9466,285,435,4,284,252
9467,285,384,4,284,47
9468,285,279,5,284,290
9469,285,120,4,284,381
9470,285,3,4,284,285
9471,285,23,3,284,32
9472,285,357,5,284,268
9473,285,252,3,284,271
9474,285,402,1,284,175
9475,285,215,2,284,375
9476,285,336,1,284,15
9477,285,386,5,284,352
9478,285,407,1,284,44
9479,285,322,2,284,31
9480,285,427,1,284,329
9481,285,377,4,284,90
9482,285,390,3,284,49
9483,285,37,3,284,213
9484,285,323,1,284,331
9485,285,254,4,284,397
9486,285,122,5,284,392
9487,286,163,1,285,243
9488,286,41,3,285,14
9489,286,394,3,285,419
9490,286,96,3,285,249
9491,286,152,1,285,339
9492,286,145,2,285,194
9493,286,183,5,285,151
9494,286,169,2,285,337
9495,286,129,5,285,152
9496,286,252,4,285,271
9497,286,276,3,285,425
9498,286,40,5,285,378
9499,286,404,1,285,322
9500,286,192,1,285,150
9501,286,223,4,285,55
9502,286,268,4,285,83
9503,286,117,5,285,398
9504,286,353,4,285,372
9505,286,395,5,285,105
9506,286,263,4,285,370
9507,286,215,4,285,375
9508,286,296,1,285,154
9509,286,202,4,285,60
9510,286,156,2,285,241
9511,286,16,5,285,277
9512,286,135,1,285,336
9513,286,396,2,285,248
9514,286,427,2,285,329
9515,286,226,5,285,211
9516,286,54,1,285,64
9517,286,196,1,285,176
9518,286,259,1,285,247
9519,286,53,5,285,349
9520,286,210,3,285,289
9521,286,89,2,285,12
9522,286,181,4,285,281
9523,287,34,5,286,308
9524,287,388,5,286,394
9525,287,78,1,286,35
9526,287,397,2,286,114
9527,287,377,3,286,90
9528,287,109,2,286,214
9529,287,112,4,286,302
9530,287,65,5,286,230
9531,287,206,1,286,179
9532,287,213,1,286,148
9533,287,104,1,286,73
9534,287,156,3,286,241
9535,287,17,5,286,56
9536,287,94,4,286,226
9537,287,226,3,286,211
9538,287,305,2,286,407
9539,287,210,5,286,289
9540,287,94,3,286,226
9541,287,238,4,286,174
9542,287,266,2,286,130
9543,287,269,3,286,147
9544,287,47,2,286,286
9545,287,214,5,286,238
9546,287,163,5,286,243
9547,287,232,3,286,422
9548,287,423,3,286,355
9549,287,398,1,286,140
9550,287,73,1,286,269
9551,287,172,4,286,357
9552,287,287,1,286,402
9553,287,154,5,286,8
9554,287,207,5,286,262
9555,287,55,2,286,108
9556,287,103,1,286,10
9557,287,411,3,286,327
9558,287,311,1,286,348
9559,287,280,4,286,198
9560,288,90,4,287,201
9561,288,4,1,287,89
9562,288,358,5,287,371
9563,288,105,3,287,42
9564,288,98,3,287,163
9565,288,331,3,287,185
9566,288,349,1,287,326
9567,288,437,1,287,41
9568,288,273,1,287,391
9569,288,296,4,287,154
9570,288,220,1,287,409
9571,288,269,1,287,147
9572,288,127,3,287,221
9573,288,134,2,287,76
9574,288,191,5,287,240
9575,288,93,4,287,362
9576,288,175,4,287,415
9577,288,173,5,287,166
9578,288,437,4,287,41
9579,288,54,3,287,64
9580,288,77,1,287,160
9581,288,91,5,287,92
9582,288,151,3,287,111
9583,288,201,3,287,270
9584,288,407,5,287,44
9585,288,14,5,287,94
9586,288,24,3,287,74
9587,288,264,5,287,182
9588,288,319,1,287,57
9589,288,174,2,287,367
9590,288,378,2,287,188
9591,288,171,5,287,254
9592,288,181,2,287,281
9593,288,302,4,287,27
9594,288,421,5,287,59
9595,288,390,4,287,49
9596,288,35,1,287,210
9597,288,29,1,287,340
9598,289,367,2,288,50
9599,289,52,5,288,235
9600,289,376,3,288,82
9601,289,263,3,288,370
9602,289,68,5,288,107
9603,289,409,3,288,87
9604,289,203,2,288,231
9605,289,264,5,288,182
9606,289,413,1,288,39
9607,289,325,1,288,246
9608,289,42,2,288,200
9609,289,384,4,288,47
9610,289,100,2,288,79
9611,289,74,3,288,101
9612,289,76,4,288,19
9613,289,245,3,288,245
9614,289,117,4,288,398
9615,289,86,3,288,68
9616,289,365,2,288,257
9617,289,327,2,288,303
9618,289,357,5,288,268
9619,289,258,2,288,6
9620,289,138,4,288,103
9621,289,377,5,288,90
9622,289,56,1,288,172
9623,289,207,4,288,262
9624,289,52,4,288,235
9625,289,42,3,288,200
9626,289,413,1,288,39
9627,289,96,2,288,249
9628,289,155,2,288,403
9629,289,323,1,288,331
9630,289,190,4,288,119
9631,289,236,2,288,199
9632,289,332,4,288,292
9633,289,217,2,288,426
9634,289,335,1,288,125
9635,289,369,5,288,225
9636,289,285,1,288,404
9637,289,68,2,288,107
9638,289,41,1,288,14
9639,289,198,5,288,80
9640,289,253,5,288,184
9641,290,10,3,289,434
9642,290,353,3,289,372
9643,290,100,2,289,79
9644,290,183,3,289,151
9645,290,298,4,289,142
9646,290,87,5,289,412
9647,290,236,2,289,199
9648,290,231,4,289,386
9649,290,213,3,289,148
9650,290,69,2,289,406
9651,290,109,1,289,214
9652,290,372,1,289,346
9653,290,35,4,289,210
9654,290,47,2,289,286
9655,290,274,2,289,227
9656,290,22,4,289,325
9657,290,436,3,289,104
9658,290,84,2,289,305
9659,290,250,4,289,62
9660,290,152,1,289,339
9661,290,29,4,289,340
9662,290,245,4,289,245
9663,290,294,3,289,99
9664,290,97,4,289,102
9665,290,379,1,289,145
9666,290,337,5,289,353
9667,290,374,5,289,318
9668,290,21,3,289,24
9669,290,4,1,289,89
9670,290,210,5,289,289
9671,290,143,2,289,117
9672,291,239,5,290,265
9673,291,148,4,290,156
9674,291,18,2,290,52
9675,291,270,1,290,276
9676,291,64,2,290,132
9677,291,235,5,290,164
9678,291,53,3,290,349
9679,291,91,3,290,92
9680,291,204,2,290,191
9681,291,285,1,290,404
9682,291,91,3,290,92
9683,291,90,4,290,201
9684,291,296,1,290,154
9685,291,139,1,290,232
9686,291,284,3,290,206
9687,291,431,4,290,380
9688,291,397,4,290,114
9689,291,161,3,290,344
9690,291,431,4,290,380
9691,291,239,3,290,265
9692,291,321,3,290,53
9693,291,193,1,290,72
9694,291,178,2,290,129
9695,291,235,4,290,164
9696,291,212,3,290,312
9697,291,20,4,290,7
9698,291,243,4,290,135
9699,291,264,4,290,182
9700,292,147,5,291,29
9701,292,99,5,291,155
9702,292,159,2,291,113
9703,292,320,5,291,424
9704,292,56,1,291,172
9705,292,279,4,291,290
9706,292,92,4,291,131
9707,292,306,2,291,162
9708,292,167,3,291,46
9709,292,158,1,291,161
9710,292,242,3,291,84
9711,292,292,2,291,17
9712,292,134,4,291,76
9713,292,92,1,291,131
9714,292,31,5,291,159
9715,292,70,4,291,65
9716,292,187,1,291,260
9717,292,297,5,291,261
9718,292,214,2,291,238
9719,292,167,1,291,46
9720,292,37,4,291,213
9721,292,382,2,291,71
9722,292,233,2,291,189
9723,292,404,1,291,322
9724,292,88,5,291,88
9725,292,2,3,291,30
9726,292,370,2,291,432
9727,292,152,4,291,339
9728,292,291,5,291,379
9729,292,436,2,291,104
9730,292,137,5,291,332
9731,292,35,1,291,210
9732,292,52,5,291,235
9733,292,370,1,291,432
9734,293,404,1,292,322
9735,293,145,2,292,194
9736,293,95,2,292,190
9737,293,53,1,292,349
9738,293,113,4,292,299
9739,293,202,4,292,60
9740,293,84,4,292,305
9741,293,399,5,292,300
9742,293,282,4,292,385
9743,293,151,2,292,111
9744,293,31,3,292,159
9745,293,57,5,292,427
9746,293,134,4,292,76
9747,293,334,2,292,127
9748,293,43,4,292,91
9749,293,298,2,292,142
9750,293,59,4,292,253
9751,293,369,4,292,225
9752,293,274,5,292,227
9753,293,260,1,292,259
9754,293,106,2,292,411
9755,293,370,2,292,432
9756,293,142,2,292,244
9757,293,225,4,292,192
9758,293,61,3,292,112
9759,294,158,1,293,161
9760,294,240,4,293,342
9761,294,155,4,293,403
9762,294,68,5,293,107
9763,294,58,4,293,405
9764,294,270,4,293,276
9765,294,33,4,293,66
9766,294,345,3,293,389
9767,294,99,2,293,155
9768,294,35,4,293,210
9769,294,325,1,293,246
9770,294,311,3,293,348
9771,294,138,4,293,103
9772,294,83,1,293,323
9773,294,436,1,293,104
9774,294,220,4,293,409
9775,294,43,1,293,91
9776,294,246,4,293,22
9777,294,16,2,293,277
9778,294,295,1,293,309
9779,294,328,2,293,25
9780,294,161,5,293,344
9781,294,37,5,293,213
9782,294,11,4,293,220
9783,294,176,5,293,43
9784,294,208,2,293,11
9785,294,6,5,293,218
9786,294,131,1,293,70
9787,294,112,3,293,302
9788,294,302,4,293,27
9789,294,223,4,293,55
9790,294,388,4,293,394
9791,294,420,4,293,124
9792,294,268,2,293,83
9793,294,315,1,293,333
9794,294,213,3,293,148
9795,294,93,4,293,362
9796,294,268,3,293,83
9797,294,326,2,293,354
9798,294,353,3,293,372
9799,294,163,4,293,243
9800,294,86,2,293,68
9801,295,360,3,294,266
9802,295,373,1,294,3
9803,295,68,2,294,107
9804,295,127,2,294,221
9805,295,97,5,294,102
9806,295,342,4,294,256
9807,295,403,1,294,183
9808,295,6,1,294,218
9809,295,62,2,294,334
9810,295,54,2,294,64
9811,295,128,1,294,75
9812,295,73,4,294,269
9813,295,422,5,294,237
9814,295,403,1,294,183
9815,295,42,3,294,200
9816,295,406,3,294,95
9817,295,107,5,294,37
9818,295,197,2,294,208
9819,295,255,3,294,146
9820,295,130,1,294,169
9821,295,296,4,294,154
9822,295,110,1,294,376
9823,295,2,2,294,30
9824,295,145,5,294,194
9825,295,89,3,294,12
9826,295,266,5,294,130
9827,295,163,1,294,243
9828,295,277,1,294,255
9829,295,3,1,294,285
9830,295,27,5,294,118
9831,295,99,3,294,155
9832,295,160,5,294,363
9833,296,389,4,295,40
9834,296,71,1,295,234
9835,296,297,3,295,261
9836,296,314,2,295,423
9837,296,6,5,295,218
9838,296,224,4,295,144
9839,296,406,4,295,95
9840,296,6,3,295,218
9841,296,177,2,295,242
9842,296,13,2,295,157
9843,296,276,2,295,425
9844,296,213,4,295,148
9845,296,18,4,295,52
9846,296,240,2,295,342
9847,296,118,1,295,63
9848,296,162,2,295,360
9849,296,225,2,295,192
9850,296,29,2,295,340
9851,296,296,4,295,154
9852,296,69,2,295,406
9853,296,216,2,295,382
9854,296,174,2,295,367
9855,296,177,4,295,242
9856,296,303,2,295,153
9857,296,97,2,295,102
9858,296,259,3,295,247
9859,296,225,4,295,192
9860,296,177,4,295,242
9861,296,125,4,295,364
9862,296,64,2,295,132
9863,296,280,3,295,198
9864,296,21,3,295,24
9865,296,351,5,295,413
9866,296,427,5,295,329
9867,296,407,3,295,44
9868,296,113,2,295,299
9869,297,384,2,296,47
9870,297,77,4,296,160
9871,297,241,4,296,328
9872,297,287,4,296,402
9873,297,418,5,296,304
9874,297,299,1,296,351
9875,297,417,2,296,177
9876,297,199,5,296,282
9877,297,105,4,296,42
9878,297,217,4,296,426
9879,297,38,3,296,310
9880,297,107,3,296,37
9881,297,392,1,296,350
9882,297,191,4,296,240
9883,297,430,5,296,212
9884,297,88,2,296,88
9885,297,54,3,296,64
9886,297,95,3,296,190
9887,297,429,4,296,222
9888,297,437,4,296,41
9889,297,234,3,296,205
9890,297,170,4,296,267
9891,297,386,5,296,352
9892,297,234,4,296,205
9893,297,209,3,296,330
9894,297,297,5,296,261
9895,297,15,1,296,21
9896,297,424,2,296,420
9897,297,41,1,296,14
9898,297,187,2,296,260
9899,297,56,4,296,172
9900,297,332,1,296,292
9901,297,401,5,296,373
9902,297,23,1,296,32
9903,297,7,5,296,435
9904,297,418,2,296,304
9905,298,335,4,297,125
9906,298,15,5,297,21
9907,298,220,3,297,409
9908,298,283,5,297,61
9909,298,236,4,297,199
9910,298,159,1,297,113
9911,298,137,5,297,332
9912,298,117,5,297,398
9913,298,126,1,297,149
9914,298,143,5,297,117
9915,298,437,3,297,41
9916,298,171,4,297,254
9917,298,238,4,297,174
9918,298,120,2,297,381
9919,298,240,4,297,342
9920,298,392,3,297,350
9921,298,240,5,297,342
9922,298,83,5,297,323
9923,298,358,1,297,371
9924,298,201,5,297,270
9925,298,176,4,297,43
9926,298,39,4,297,390
9927,298,342,4,297,256
9928,298,424,1,297,420
9929,298,255,5,297,146
9930,298,268,2,297,83
9931,298,307,2,297,26
9932,298,391,4,297,115
9933,298,254,5,297,397
9934,298,350,4,297,433
9935,299,25,2,298,168
9936,299,224,5,298,144
9937,299,244,4,298,335
9938,299,295,2,298,309
9939,299,420,2,298,124
9940,299,290,3,298,98
9941,299,13,1,298,157
9942,299,66,5,298,345
9943,299,153,3,298,264
9944,299,402,3,298,175
9945,299,281,3,298,45
9946,299,341,3,298,193
9947,299,407,1,298,44
9948,299,47,2,298,286
9949,299,409,3,298,87
9950,299,8,4,298,250
9951,299,109,1,298,214
9952,299,290,5,298,98
9953,299,373,1,298,3
9954,299,21,5,298,24
9955,299,328,2,298,25
9956,299,280,4,298,198
9957,299,220,1,298,409
9958,299,267,4,298,171
9959,299,384,5,298,47
9960,299,41,1,298,14
9961,299,101,4,298,4
9962,299,12,3,298,197
9963,299,275,2,298,167
9964,299,72,1,298,228
9965,299,304,2,298,178
9966,299,121,3,298,138
9967,299,383,1,298,96
9968,299,182,1,298,295
9969,299,430,2,298,212
9970,299,37,3,298,213
9971,299,28,2,298,181
9972,299,407,5,298,44
9973,299,105,3,298,42
9974,300,397,2,299,114
9975,300,221,3,299,368
9976,300,69,4,299,406
9977,300,200,4,299,343
9978,300,69,3,299,406
9979,300,285,5,299,404
9980,300,343,4,299,396
9981,300,144,5,299,377
9982,300,107,2,299,37
9983,300,69,1,299,406
9984,300,324,3,299,387
9985,300,8,1,299,250
9986,300,323,1,299,331
9987,300,193,5,299,72
9988,300,435,4,299,252
9989,300,346,4,299,120
9990,300,255,4,299,146
9991,300,363,1,299,414
9992,300,416,4,299,187
9993,300,108,5,299,321
9994,300,103,5,299,10
9995,300,425,2,299,324
9996,300,64,4,299,132
9997,300,311,3,299,348
9998,300,279,4,299,290
9999,300,163,2,299,243
